,Date,Sentiment
0,2014-01-01,50
1,2014-01-02,80
2,2014-01-03,75
3,2014-01-04,85
4,2014-01-05,20
5,2014-01-06,70
6,2014-01-07,75
7,2014-01-08,75
8,2014-01-09,85
9,2014-01-10,85
10,2014-01-11,20
11,2014-01-12,95
12,2014-01-13,25
13,2014-01-14,25
14,2014-01-15,60
15,2014-01-16,20
16,2014-01-17,67
17,2014-01-19,75
18,2014-01-20,60
19,2014-01-21,60
20,2014-01-22,75
21,2014-01-23,75
22,2014-01-24,85
23,2014-01-25,70
24,2014-01-27,70
25,2014-01-28,70
26,2014-01-29,85
27,2014-01-30,90
28,2014-01-31,60
29,2014-02-01,81
30,2014-02-03,70
31,2014-02-04,80
32,2014-02-05,70
33,2014-02-06,75
34,2014-02-07,90
35,2014-02-08,80
36,2014-02-09,90
37,2014-02-10,84
38,2014-02-11,60
39,2014-02-12,70
40,2014-02-13,75
41,2014-02-14,40
42,2014-02-15,90
43,2014-02-17,90
44,2014-02-18,85
45,2014-02-19,70
46,2014-02-20,80
47,2014-02-21,76
48,2014-02-22,25
49,2014-02-23,80
50,2014-02-24,70
51,2014-02-25,75
52,2014-02-26,90
53,2014-02-27,80
54,2014-02-28,65
55,2014-03-01,84
56,2014-03-02,86
57,2014-03-03,79
58,2014-03-04,80
59,2014-03-05,70
60,2014-03-06,85
61,2014-03-07,70
62,2014-03-08,87
63,2014-03-09,70
64,2014-03-10,83
65,2014-03-11,75
66,2014-03-12,72
67,2014-03-13,63
68,2014-03-14,60
69,2014-03-15,70
70,2014-03-16,70
71,2014-03-17,70
72,2014-03-18,80
73,2014-03-19,60
74,2014-03-20,65
75,2014-03-21,25
76,2014-03-22,74
77,2014-03-23,75
78,2014-03-24,60
79,2014-03-25,80
80,2014-03-26,70
81,2014-03-27,86
82,2014-03-28,80
83,2014-03-29,90
84,2014-03-30,70
85,2014-03-31,88
86,2014-04-01,72
87,2014-04-02,70
88,2014-04-03,85
89,2014-04-04,85
90,2014-04-05,85
91,2014-04-06,30
92,2014-04-07,85
93,2014-04-08,50
94,2014-04-09,63
95,2014-04-10,85
96,2014-04-11,89
97,2014-04-12,89
98,2014-04-13,85
99,2014-04-14,85
100,2014-04-15,65
101,2014-04-16,90
102,2014-04-17,80
103,2014-04-18,75
104,2014-04-19,90
105,2014-04-20,70
106,2014-04-21,55
107,2014-04-22,85
108,2014-04-23,79
109,2014-04-24,88
110,2014-04-25,80
111,2014-04-26,75
112,2014-04-27,78
113,2014-04-28,60
114,2014-04-29,98
115,2014-04-30,75
116,2014-05-01,90
117,2014-05-02,70
118,2014-05-03,70
119,2014-05-04,60
120,2014-05-05,85
121,2014-05-06,70
122,2014-05-07,58
123,2014-05-08,80
124,2014-05-09,85
125,2014-05-10,30
126,2014-05-11,85
127,2014-05-12,80
128,2014-05-13,85
129,2014-05-14,70
130,2014-05-15,75
131,2014-05-16,70
132,2014-05-17,65
133,2014-05-18,70
134,2014-05-19,51
135,2014-05-20,80
136,2014-05-21,85
137,2014-05-22,78
138,2014-05-23,73
139,2014-05-24,85
140,2014-05-25,88
141,2014-05-26,50
142,2014-05-27,85
143,2014-05-28,87
144,2014-05-29,60
145,2014-05-30,90
146,2014-05-31,70
147,2014-06-01,90
148,2014-06-02,82
149,2014-06-03,80
150,2014-06-04,75
151,2014-06-05,75
152,2014-06-06,85
153,2014-06-07,70
154,2014-06-08,75
155,2014-06-09,92
156,2014-06-10,70
157,2014-06-11,86
158,2014-06-12,86
159,2014-06-13,55
160,2014-06-14,70
161,2014-06-15,75
162,2014-06-16,70
163,2014-06-17,70
164,2014-06-18,85
165,2014-06-19,65
166,2014-06-20,70
167,2014-06-21,80
168,2014-06-22,52
169,2014-06-23,90
170,2014-06-24,93
171,2014-06-25,85
172,2014-06-26,97
173,2014-06-27,70
174,2014-06-28,70
175,2014-06-29,70
176,2014-06-30,80
177,2014-07-01,10
178,2014-07-02,72
179,2014-07-03,95
180,2014-07-04,70
181,2014-07-05,85
182,2014-07-06,85
183,2014-07-07,65
184,2014-07-08,80
185,2014-07-09,80
186,2014-07-10,90
187,2014-07-11,70
188,2014-07-12,65
189,2014-07-13,78
190,2014-07-14,70
191,2014-07-15,70
192,2014-07-16,90
193,2014-07-17,70
194,2014-07-18,20
195,2014-07-19,20
196,2014-07-20,85
197,2014-07-21,70
198,2014-07-22,80
199,2014-07-23,70
200,2014-07-24,96
201,2014-07-25,75
202,2014-07-26,88
203,2014-07-27,85
204,2014-07-28,90
205,2014-07-29,55
206,2014-07-30,65
207,2014-07-31,73
208,2014-08-01,65
209,2014-08-02,75
210,2014-08-03,80
211,2014-08-04,75
212,2014-08-05,89
213,2014-08-06,90
214,2014-08-07,70
215,2014-08-08,85
216,2014-08-09,80
217,2014-08-11,80
218,2014-08-12,85
219,2014-08-13,81
220,2014-08-14,75
221,2014-08-15,65
222,2014-08-16,62
223,2014-08-17,60
224,2014-08-18,70
225,2014-08-19,80
226,2014-08-20,63
227,2014-08-21,62
228,2014-08-22,75
229,2014-08-23,63
230,2014-08-24,75
231,2014-08-25,90
232,2014-08-26,33
233,2014-08-27,75
234,2014-08-28,77
235,2014-08-29,60
236,2014-08-30,70
237,2014-08-31,75
238,2014-09-01,60
239,2014-09-02,76
240,2014-09-03,72
241,2014-09-04,80
242,2014-09-05,90
243,2014-09-06,89
244,2014-09-07,87
245,2014-09-08,85
246,2014-09-09,80
247,2014-09-10,90
248,2014-09-11,75
249,2014-09-12,85
250,2014-09-13,70
251,2014-09-15,85
252,2014-09-16,80
253,2014-09-17,75
254,2014-09-18,70
255,2014-09-19,46
256,2014-09-21,70
257,2014-09-22,55
258,2014-09-23,95
259,2014-09-24,93
260,2014-09-25,52
261,2014-09-26,60
262,2014-09-27,90
263,2014-09-28,85
264,2014-09-29,78
265,2014-09-30,74
266,2014-10-01,65
267,2014-10-02,80
268,2014-10-03,75
269,2014-10-04,20
270,2014-10-05,75
271,2014-10-06,86
272,2014-10-07,70
273,2014-10-08,70
274,2014-10-09,25
275,2014-10-10,90
276,2014-10-11,20
277,2014-10-12,20
278,2014-10-13,70
279,2014-10-14,60
280,2014-10-15,70
281,2014-10-16,80
282,2014-10-17,72
283,2014-10-18,75
284,2014-10-19,60
285,2014-10-20,80
286,2014-10-21,75
287,2014-10-22,85
288,2014-10-23,70
289,2014-10-24,85
290,2014-10-25,75
291,2014-10-26,70
292,2014-10-27,70
293,2014-10-28,70
294,2014-10-29,75
295,2014-10-30,70
296,2014-10-31,95
297,2014-11-01,70
298,2014-11-02,98
299,2014-11-03,75
300,2014-11-04,80
301,2014-11-05,70
302,2014-11-06,85
303,2014-11-07,65
304,2014-11-08,85
305,2014-11-10,80
306,2014-11-11,60
307,2014-11-12,85
308,2014-11-13,85
309,2014-11-14,80
310,2014-11-15,55
311,2014-11-16,75
312,2014-11-17,65
313,2014-11-18,75
314,2014-11-19,70
315,2014-11-20,75
316,2014-11-21,82
317,2014-11-22,75
318,2014-11-23,70
319,2014-11-24,57
320,2014-11-25,48
321,2014-11-26,55
322,2014-11-27,85
323,2014-11-28,33
324,2014-11-29,35
325,2014-11-30,72
326,2014-12-01,70
327,2014-12-02,75
328,2014-12-03,95
329,2014-12-04,35
330,2014-12-05,70
331,2014-12-06,70
332,2014-12-07,70
333,2014-12-08,70
334,2014-12-09,63
335,2014-12-10,60
336,2014-12-11,72
337,2014-12-12,67
338,2014-12-13,50
339,2014-12-14,70
340,2014-12-15,80
341,2014-12-16,89
342,2014-12-17,77
343,2014-12-18,79
344,2014-12-19,70
345,2014-12-20,85
346,2014-12-21,75
347,2014-12-22,85
348,2014-12-23,70
349,2014-12-24,45
350,2014-12-25,75
351,2014-12-26,75
352,2014-12-27,63
353,2014-12-28,53
354,2014-12-29,85
355,2014-12-30,82
356,2014-12-31,45
357,2015-01-01,93
358,2015-01-02,74
359,2015-01-03,65
360,2015-01-04,85
361,2015-01-05,80
362,2015-01-06,87
363,2015-01-07,70
364,2015-01-08,85
365,2015-01-09,50
366,2015-01-10,67
367,2015-01-11,73
368,2015-01-12,80
369,2015-01-13,77
370,2015-01-14,70
371,2015-01-15,70
372,2015-01-16,74
373,2015-01-18,75
374,2015-01-19,70
375,2015-01-20,80
376,2015-01-21,90
377,2015-01-22,80
378,2015-01-23,85
379,2015-01-24,80
380,2015-01-25,75
381,2015-01-26,88
382,2015-01-27,85
383,2015-01-28,75
384,2015-01-29,86
385,2015-01-30,80
386,2015-02-01,70
387,2015-02-02,80
388,2015-02-03,85
389,2015-02-04,85
390,2015-02-05,70
391,2015-02-06,74
392,2015-02-07,75
393,2015-02-08,74
394,2015-02-09,70
395,2015-02-10,85
396,2015-02-11,92
397,2015-02-12,85
398,2015-02-13,80
399,2015-02-14,62
400,2015-02-15,90
401,2015-02-16,70
402,2015-02-17,85
403,2015-02-18,82
404,2015-02-19,78
405,2015-02-20,85
406,2015-02-21,87
407,2015-02-22,75
408,2015-02-23,70
409,2015-02-24,74
410,2015-02-25,82
411,2015-02-26,65
412,2015-02-27,85
413,2015-02-28,75
414,2015-03-01,95
415,2015-03-02,60
416,2015-03-03,70
417,2015-03-04,75
418,2015-03-05,82
419,2015-03-06,72
420,2015-03-07,85
421,2015-03-08,75
422,2015-03-09,72
423,2015-03-10,72
424,2015-03-11,91
425,2015-03-12,80
426,2015-03-13,75
427,2015-03-14,70
428,2015-03-15,65
429,2015-03-16,85
430,2015-03-17,70
431,2015-03-18,60
432,2015-03-19,60
433,2015-03-20,66
434,2015-03-21,85
435,2015-03-22,75
436,2015-03-23,85
437,2015-03-24,85
438,2015-03-25,100
439,2015-03-26,70
440,2015-03-27,90
441,2015-03-28,65
442,2015-03-29,90
443,2015-03-30,75
444,2015-03-31,85
445,2015-04-01,70
446,2015-04-02,78
447,2015-04-03,85
448,2015-04-04,75
449,2015-04-05,20
450,2015-04-06,80
451,2015-04-07,80
452,2015-04-08,70
453,2015-04-09,68
454,2015-04-10,70
455,2015-04-11,35
456,2015-04-12,70
457,2015-04-13,55
458,2015-04-14,60
459,2015-04-15,90
460,2015-04-16,80
461,2015-04-17,85
462,2015-04-19,80
463,2015-04-20,88
464,2015-04-21,77
465,2015-04-22,69
466,2015-04-23,72
467,2015-04-24,70
468,2015-04-25,79
469,2015-04-26,80
470,2015-04-27,80
471,2015-04-28,85
472,2015-04-29,72
473,2015-04-30,95
474,2015-05-01,85
475,2015-05-02,10
476,2015-05-03,35
477,2015-05-04,70
478,2015-05-05,85
479,2015-05-06,80
480,2015-05-07,70
481,2015-05-08,80
482,2015-05-09,86
483,2015-05-10,75
484,2015-05-11,85
485,2015-05-12,90
486,2015-05-13,80
487,2015-05-14,75
488,2015-05-15,79
489,2015-05-16,75
490,2015-05-17,60
491,2015-05-18,80
492,2015-05-19,70
493,2015-05-20,70
494,2015-05-21,75
495,2015-05-22,65
496,2015-05-23,70
497,2015-05-24,85
498,2015-05-25,73
499,2015-05-26,85
500,2015-05-27,40
501,2015-05-28,90
502,2015-05-29,75
503,2015-05-30,85
504,2015-05-31,90
505,2015-06-01,65
506,2015-06-02,85
507,2015-06-03,70
508,2015-06-04,60
509,2015-06-05,97
510,2015-06-06,75
511,2015-06-08,70
512,2015-06-09,88
513,2015-06-10,85
514,2015-06-11,70
515,2015-06-12,75
516,2015-06-13,60
517,2015-06-15,75
518,2015-06-16,77
519,2015-06-17,75
520,2015-06-18,85
521,2015-06-19,93
522,2015-06-20,85
523,2015-06-21,76
524,2015-06-22,90
525,2015-06-23,90
526,2015-06-24,70
527,2015-06-25,93
528,2015-06-26,70
529,2015-06-27,75
530,2015-06-28,78
531,2015-06-29,80
532,2015-06-30,90
533,2015-07-01,70
534,2015-07-02,90
535,2015-07-03,80
536,2015-07-04,70
537,2015-07-05,70
538,2015-07-06,90
539,2015-07-07,75
540,2015-07-08,25
541,2015-07-09,80
542,2015-07-10,70
543,2015-07-11,60
544,2015-07-13,60
545,2015-07-14,75
546,2015-07-15,77
547,2015-07-16,92
548,2015-07-17,60
549,2015-07-18,60
550,2015-07-19,75
551,2015-07-20,75
552,2015-07-21,80
553,2015-07-22,80
554,2015-07-23,75
555,2015-07-24,78
556,2015-07-25,84
557,2015-07-26,70
558,2015-07-27,55
559,2015-07-28,90
560,2015-07-29,85
561,2015-07-30,90
562,2015-07-31,70
563,2015-08-01,80
564,2015-08-02,90
565,2015-08-03,88
566,2015-08-04,75
567,2015-08-05,70
568,2015-08-06,80
569,2015-08-07,77
570,2015-08-08,60
571,2015-08-09,70
572,2015-08-10,75
573,2015-08-11,60
574,2015-08-12,75
575,2015-08-13,80
576,2015-08-14,58
577,2015-08-15,37
578,2015-08-16,65
579,2015-08-17,70
580,2015-08-18,75
581,2015-08-19,50
582,2015-08-20,75
583,2015-08-21,50
584,2015-08-22,70
585,2015-08-23,95
586,2015-08-24,70
587,2015-08-25,70
588,2015-08-26,85
589,2015-08-27,83
590,2015-08-28,85
591,2015-08-29,65
592,2015-08-30,20
593,2015-08-31,70
594,2015-09-01,80
595,2015-09-02,50
596,2015-09-03,93
597,2015-09-04,75
598,2015-09-05,90
599,2015-09-06,65
600,2015-09-07,60
601,2015-09-08,90
602,2015-09-09,75
603,2015-09-10,70
604,2015-09-11,80
605,2015-09-12,75
606,2015-09-13,70
607,2015-09-14,81
608,2015-09-15,85
609,2015-09-16,70
610,2015-09-17,70
611,2015-09-18,65
612,2015-09-20,90
613,2015-09-21,80
614,2015-09-22,70
615,2015-09-23,90
616,2015-09-24,40
617,2015-09-25,85
618,2015-09-27,75
619,2015-09-28,90
620,2015-09-29,75
621,2015-09-30,60
622,2015-10-01,75
623,2015-10-02,90
624,2015-10-04,85
625,2015-10-05,85
626,2015-10-06,90
627,2015-10-07,95
628,2015-10-08,90
629,2015-10-09,79
630,2015-10-10,85
631,2015-10-11,80
632,2015-10-12,79
633,2015-10-13,70
634,2015-10-14,90
635,2015-10-15,60
636,2015-10-16,80
637,2015-10-17,80
638,2015-10-18,74
639,2015-10-19,70
640,2015-10-20,73
641,2015-10-21,90
642,2015-10-22,80
643,2015-10-23,90
644,2015-10-24,78
645,2015-10-25,100
646,2015-10-26,90
647,2015-10-27,80
648,2015-10-28,91
649,2015-10-29,85
650,2015-10-30,60
651,2015-10-31,86
652,2015-11-01,89
653,2015-11-02,80
654,2015-11-03,70
655,2015-11-04,85
656,2015-11-05,80
657,2015-11-06,75
658,2015-11-07,82
659,2015-11-08,80
660,2015-11-09,90
661,2015-11-10,70
662,2015-11-11,60
663,2015-11-12,85
664,2015-11-13,75
665,2015-11-14,85
666,2015-11-15,75
667,2015-11-16,70
668,2015-11-17,75
669,2015-11-18,80
670,2015-11-19,70
671,2015-11-20,70
672,2015-11-21,70
673,2015-11-22,70
674,2015-11-23,75
675,2015-11-24,90
676,2015-11-25,65
677,2015-11-26,65
678,2015-11-27,70
679,2015-11-28,80
680,2015-11-29,80
681,2015-11-30,88
682,2015-12-01,73
683,2015-12-02,65
684,2015-12-03,90
685,2015-12-04,90
686,2015-12-05,65
687,2015-12-06,72
688,2015-12-07,70
689,2015-12-08,70
690,2015-12-09,75
691,2015-12-10,75
692,2015-12-11,83
693,2015-12-12,75
694,2015-12-13,87
695,2015-12-14,51
696,2015-12-15,75
697,2015-12-16,65
698,2015-12-17,70
699,2015-12-18,60
700,2015-12-19,80
701,2015-12-21,80
702,2015-12-22,50
703,2015-12-23,75
704,2015-12-24,85
705,2015-12-25,70
706,2015-12-26,85
707,2015-12-27,75
708,2015-12-28,78
709,2015-12-29,70
710,2015-12-30,52
711,2015-12-31,75
712,2016-01-01,10
713,2016-01-02,85
714,2016-01-04,95
715,2016-01-05,80
716,2016-01-06,80
717,2016-01-07,60
718,2016-01-08,85
719,2016-01-09,75
720,2016-01-10,90
721,2016-01-11,80
722,2016-01-12,65
723,2016-01-13,70
724,2016-01-14,90
725,2016-01-15,77
726,2016-01-16,70
727,2016-01-17,80
728,2016-01-18,25
729,2016-01-19,80
730,2016-01-20,70
731,2016-01-21,85
732,2016-01-22,85
733,2016-01-23,74
734,2016-01-24,70
735,2016-01-25,70
736,2016-01-26,75
737,2016-01-27,75
738,2016-01-28,90
739,2016-01-29,55
740,2016-01-30,80
741,2016-01-31,71
742,2016-02-01,85
743,2016-02-02,85
744,2016-02-03,65
745,2016-02-04,90
746,2016-02-05,60
747,2016-02-06,86
748,2016-02-07,55
749,2016-02-08,65
750,2016-02-09,80
751,2016-02-10,90
752,2016-02-11,95
753,2016-02-12,85
754,2016-02-13,75
755,2016-02-14,70
756,2016-02-15,78
757,2016-02-16,5
758,2016-02-17,90
759,2016-02-18,60
760,2016-02-19,55
761,2016-02-20,70
762,2016-02-21,70
763,2016-02-22,80
764,2016-02-23,70
765,2016-02-24,74
766,2016-02-25,85
767,2016-02-26,85
768,2016-02-27,30
769,2016-02-28,70
770,2016-02-29,85
771,2016-03-01,88
772,2016-03-02,60
773,2016-03-03,75
774,2016-03-04,75
775,2016-03-05,60
776,2016-03-06,30
777,2016-03-07,80
778,2016-03-08,85
779,2016-03-09,50
780,2016-03-10,70
781,2016-03-11,70
782,2016-03-13,86
783,2016-03-14,80
784,2016-03-15,60
785,2016-03-16,75
786,2016-03-17,90
787,2016-03-18,60
788,2016-03-19,78
789,2016-03-20,90
790,2016-03-21,60
791,2016-03-22,80
792,2016-03-23,90
793,2016-03-24,20
794,2016-03-25,60
795,2016-03-26,70
796,2016-03-27,40
797,2016-03-28,85
798,2016-03-29,60
799,2016-03-30,85
800,2016-03-31,88
801,2016-04-01,73
802,2016-04-02,25
803,2016-04-04,88
804,2016-04-05,73
805,2016-04-06,70
806,2016-04-07,70
807,2016-04-08,85
808,2016-04-09,70
809,2016-04-10,80
810,2016-04-11,80
811,2016-04-12,85
812,2016-04-13,60
813,2016-04-14,72
814,2016-04-15,80
815,2016-04-17,35
816,2016-04-18,85
817,2016-04-19,55
818,2016-04-20,90
819,2016-04-21,85
820,2016-04-22,85
821,2016-04-23,75
822,2016-04-24,85
823,2016-04-25,82
824,2016-04-26,85
825,2016-04-27,90
826,2016-04-28,90
827,2016-04-29,73
828,2016-04-30,80
829,2016-05-01,80
830,2016-05-02,65
831,2016-05-03,60
832,2016-05-04,85
833,2016-05-05,70
834,2016-05-06,50
835,2016-05-07,80
836,2016-05-08,87
837,2016-05-09,85
838,2016-05-10,75
839,2016-05-11,61
840,2016-05-12,90
841,2016-05-13,60
842,2016-05-14,85
843,2016-05-15,85
844,2016-05-16,52
845,2016-05-17,75
846,2016-05-18,50
847,2016-05-19,85
848,2016-05-20,60
849,2016-05-21,17
850,2016-05-22,70
851,2016-05-23,60
852,2016-05-24,70
853,2016-05-25,30
854,2016-05-26,83
855,2016-05-27,75
856,2016-05-28,70
857,2016-05-29,84
858,2016-05-30,80
859,2016-05-31,70
860,2016-06-01,70
861,2016-06-02,70
862,2016-06-03,70
863,2016-06-04,85
864,2016-06-06,75
865,2016-06-07,85
866,2016-06-08,85
867,2016-06-09,93
868,2016-06-10,78
869,2016-06-13,92
870,2016-06-14,83
871,2016-06-15,90
872,2016-06-16,70
873,2016-06-17,95
874,2016-06-18,76
875,2016-06-19,90
876,2016-06-20,60
877,2016-06-21,75
878,2016-06-22,58
879,2016-06-23,70
880,2016-06-24,80
881,2016-06-25,60
882,2016-06-26,90
883,2016-06-27,70
884,2016-06-28,70
885,2016-06-29,81
886,2016-06-30,85
887,2016-07-01,85
888,2016-07-02,75
889,2016-07-03,85
890,2016-07-04,65
891,2016-07-05,90
892,2016-07-06,82
893,2016-07-07,88
894,2016-07-08,93
895,2016-07-09,75
896,2016-07-10,90
897,2016-07-11,80
898,2016-07-12,90
899,2016-07-13,80
900,2016-07-14,75
901,2016-07-15,75
902,2016-07-17,90
903,2016-07-18,85
904,2016-07-19,80
905,2016-07-20,60
906,2016-07-21,80
907,2016-07-22,70
908,2016-07-23,63
909,2016-07-24,70
910,2016-07-25,65
911,2016-07-26,95
912,2016-07-27,80
913,2016-07-28,60
914,2016-07-29,80
915,2016-08-01,85
916,2016-08-02,40
917,2016-08-03,80
918,2016-08-04,75
919,2016-08-05,70
920,2016-08-06,75
921,2016-08-07,75
922,2016-08-08,76
923,2016-08-09,40
924,2016-08-10,85
925,2016-08-11,75
926,2016-08-12,52
927,2016-08-13,75
928,2016-08-14,65
929,2016-08-15,70
930,2016-08-16,80
931,2016-08-17,89
932,2016-08-18,90
933,2016-08-19,65
934,2016-08-20,70
935,2016-08-21,75
936,2016-08-22,78
937,2016-08-23,80
938,2016-08-24,75
939,2016-08-25,85
940,2016-08-26,75
941,2016-08-27,75
942,2016-08-28,60
943,2016-08-29,44
944,2016-08-30,80
945,2016-08-31,75
946,2016-09-01,70
947,2016-09-02,70
948,2016-09-03,70
949,2016-09-04,70
950,2016-09-05,78
951,2016-09-06,72
952,2016-09-07,80
953,2016-09-08,88
954,2016-09-09,65
955,2016-09-10,85
956,2016-09-11,70
957,2016-09-12,90
958,2016-09-13,70
959,2016-09-14,80
960,2016-09-15,85
961,2016-09-16,75
962,2016-09-18,90
963,2016-09-19,80
964,2016-09-20,85
965,2016-09-21,65
966,2016-09-22,75
967,2016-09-23,92
968,2016-09-25,85
969,2016-09-26,70
970,2016-09-27,90
971,2016-09-28,82
972,2016-09-29,85
973,2016-09-30,70
974,2016-10-01,75
975,2016-10-02,60
976,2016-10-03,80
977,2016-10-04,20
978,2016-10-05,70
979,2016-10-06,85
980,2016-10-07,90
981,2016-10-08,80
982,2016-10-09,90
983,2016-10-10,60
984,2016-10-11,75
985,2016-10-12,91
986,2016-10-13,80
987,2016-10-14,70
988,2016-10-15,80
989,2016-10-16,70
990,2016-10-17,85
991,2016-10-18,85
992,2016-10-19,80
993,2016-10-20,85
994,2016-10-21,70
995,2016-10-23,75
996,2016-10-24,45
997,2016-10-25,80
998,2016-10-26,80
999,2016-10-27,80
1000,2016-10-28,85
1001,2016-10-29,78
1002,2016-10-30,15
1003,2016-10-31,75
1004,2016-11-01,80
1005,2016-11-02,70
1006,2016-11-03,25
1007,2016-11-04,90
1008,2016-11-05,75
1009,2016-11-07,80
1010,2016-11-08,80
1011,2016-11-09,90
1012,2016-11-10,70
1013,2016-11-11,68
1014,2016-11-12,91
1015,2016-11-14,78
1016,2016-11-15,90
1017,2016-11-16,80
1018,2016-11-17,70
1019,2016-11-18,72
1020,2016-11-19,88
1021,2016-11-20,100
1022,2016-11-21,80
1023,2016-11-22,70
1024,2016-11-23,83
1025,2016-11-24,75
1026,2016-11-25,70
1027,2016-11-26,75
1028,2016-11-27,70
1029,2016-11-28,81
1030,2016-11-29,70
1031,2016-11-30,85
1032,2016-12-01,80
1033,2016-12-02,70
1034,2016-12-03,75
1035,2016-12-04,65
1036,2016-12-05,90
1037,2016-12-06,70
1038,2016-12-07,75
1039,2016-12-08,85
1040,2016-12-09,70
1041,2016-12-10,80
1042,2016-12-12,86
1043,2016-12-13,85
1044,2016-12-14,70
1045,2016-12-15,75
1046,2016-12-16,80
1047,2016-12-17,87
1048,2016-12-18,75
1049,2016-12-19,70
1050,2016-12-20,97
1051,2016-12-21,90
1052,2016-12-22,65
1053,2016-12-23,70
1054,2016-12-24,70
1055,2016-12-25,82
1056,2016-12-26,83
1057,2016-12-27,90
1058,2016-12-28,62
1059,2016-12-29,80
1060,2016-12-30,67
1061,2016-12-31,85
1062,2017-01-01,70
1063,2017-01-02,82
1064,2017-01-03,70
1065,2017-01-04,90
1066,2017-01-05,85
1067,2017-01-06,70
1068,2017-01-07,80
1069,2017-01-08,81
1070,2017-01-09,20
1071,2017-01-10,90
1072,2017-01-11,85
1073,2017-01-12,92
1074,2017-01-13,90
1075,2017-01-14,95
1076,2017-01-15,65
1077,2017-01-16,75
1078,2017-01-17,70
1079,2017-01-18,85
1080,2017-01-19,65
1081,2017-01-20,60
1082,2017-01-21,85
1083,2017-01-22,85
1084,2017-01-23,75
1085,2017-01-24,80
1086,2017-01-25,65
1087,2017-01-26,89
1088,2017-01-27,75
1089,2017-01-28,88
1090,2017-01-29,68
1091,2017-01-30,80
1092,2017-01-31,73
1093,2017-02-01,75
1094,2017-02-02,80
1095,2017-02-03,85
1096,2017-02-04,70
1097,2017-02-05,90
1098,2017-02-06,10
1099,2017-02-07,90
1100,2017-02-08,70
1101,2017-02-09,85
1102,2017-02-10,90
1103,2017-02-11,74
1104,2017-02-12,75
1105,2017-02-13,70
1106,2017-02-14,95
1107,2017-02-15,75
1108,2017-02-16,65
1109,2017-02-17,85
1110,2017-02-18,25
1111,2017-02-19,85
1112,2017-02-20,79
1113,2017-02-21,85
1114,2017-02-22,82
1115,2017-02-23,85
1116,2017-02-24,90
1117,2017-02-25,25
1118,2017-02-26,75
1119,2017-02-27,75
1120,2017-02-28,70
1121,2017-03-01,85
1122,2017-03-02,85
1123,2017-03-03,40
1124,2017-03-04,80
1125,2017-03-05,65
1126,2017-03-06,95
1127,2017-03-07,75
1128,2017-03-08,85
1129,2017-03-09,64
1130,2017-03-10,65
1131,2017-03-11,85
1132,2017-03-12,48
1133,2017-03-13,80
1134,2017-03-14,90
1135,2017-03-15,60
1136,2017-03-16,75
1137,2017-03-17,85
1138,2017-03-18,85
1139,2017-03-19,25
1140,2017-03-20,85
1141,2017-03-21,73
1142,2017-03-22,80
1143,2017-03-23,50
1144,2017-03-24,85
1145,2017-03-25,70
1146,2017-03-26,30
1147,2017-03-27,30
1148,2017-03-28,78
1149,2017-03-29,84
1150,2017-03-30,90
1151,2017-03-31,80
1152,2017-04-01,85
1153,2017-04-02,75
1154,2017-04-03,70
1155,2017-04-04,70
1156,2017-04-05,75
1157,2017-04-06,80
1158,2017-04-07,75
1159,2017-04-08,70
1160,2017-04-09,85
1161,2017-04-10,75
1162,2017-04-11,25
1163,2017-04-12,70
1164,2017-04-13,85
1165,2017-04-14,70
1166,2017-04-15,60
1167,2017-04-16,70
1168,2017-04-17,75
1169,2017-04-18,85
1170,2017-04-19,70
1171,2017-04-20,76
1172,2017-04-21,90
1173,2017-04-22,76
1174,2017-04-23,78
1175,2017-04-24,62
1176,2017-04-25,90
1177,2017-04-26,65
1178,2017-04-27,80
1179,2017-04-28,80
1180,2017-04-29,85
1181,2017-04-30,85
1182,2017-05-01,75
1183,2017-05-02,80
1184,2017-05-03,85
1185,2017-05-04,75
1186,2017-05-05,50
1187,2017-05-06,68
1188,2017-05-07,80
1189,2017-05-08,75
1190,2017-05-09,80
1191,2017-05-10,70
1192,2017-05-11,90
1193,2017-05-12,80
1194,2017-05-13,90
1195,2017-05-14,20
1196,2017-05-15,80
1197,2017-05-16,46
1198,2017-05-17,75
1199,2017-05-18,85
1200,2017-05-19,75
1201,2017-05-20,70
1202,2017-05-21,85
1203,2017-05-22,70
1204,2017-05-23,90
1205,2017-05-24,92
1206,2017-05-25,75
1207,2017-05-26,70
1208,2017-05-27,85
1209,2017-05-28,85
1210,2017-05-29,76
1211,2017-05-30,70
1212,2017-05-31,73
1213,2017-06-01,73
1214,2017-06-02,65
1215,2017-06-03,80
1216,2017-06-05,85
1217,2017-06-06,80
1218,2017-06-07,65
1219,2017-06-08,80
1220,2017-06-09,60
1221,2017-06-10,75
1222,2017-06-11,90
1223,2017-06-12,90
1224,2017-06-13,85
1225,2017-06-14,90
1226,2017-06-15,80
1227,2017-06-16,70
1228,2017-06-17,90
1229,2017-06-18,85
1230,2017-06-19,85
1231,2017-06-20,82
1232,2017-06-21,65
1233,2017-06-22,90
1234,2017-06-23,20
1235,2017-06-24,75
1236,2017-06-25,80
1237,2017-06-26,75
1238,2017-06-27,90
1239,2017-06-28,15
1240,2017-06-29,68
1241,2017-06-30,80
1242,2017-07-01,70
1243,2017-07-02,70
1244,2017-07-03,30
1245,2017-07-04,75
1246,2017-07-05,65
1247,2017-07-06,45
1248,2017-07-07,85
1249,2017-07-08,74
1250,2017-07-10,90
1251,2017-07-11,70
1252,2017-07-12,75
1253,2017-07-13,60
1254,2017-07-14,75
1255,2017-07-15,80
1256,2017-07-16,70
1257,2017-07-17,90
1258,2017-07-18,75
1259,2017-07-19,85
1260,2017-07-20,90
1261,2017-07-21,90
1262,2017-07-22,80
1263,2017-07-23,75
1264,2017-07-24,45
1265,2017-07-25,90
1266,2017-07-26,85
1267,2017-07-27,85
1268,2017-07-28,70
1269,2017-07-29,80
1270,2017-07-30,55
1271,2017-07-31,70
1272,2017-08-01,67
1273,2017-08-02,61
1274,2017-08-03,70
1275,2017-08-04,60
1276,2017-08-06,75
1277,2017-08-07,85
1278,2017-08-08,75
1279,2017-08-09,70
1280,2017-08-10,70
1281,2017-08-11,70
1282,2017-08-12,75
1283,2017-08-13,75
1284,2017-08-14,80
1285,2017-08-15,60
1286,2017-08-16,70
1287,2017-08-17,90
1288,2017-08-18,70
1289,2017-08-19,90
1290,2017-08-20,70
1291,2017-08-21,60
1292,2017-08-22,90
1293,2017-08-23,89
1294,2017-08-24,65
1295,2017-08-25,85
1296,2017-08-26,77
1297,2017-08-27,75
1298,2017-08-28,75
1299,2017-08-29,70
1300,2017-08-30,80
1301,2017-08-31,60
1302,2017-09-01,65
1303,2017-09-02,74
1304,2017-09-03,70
1305,2017-09-04,75
1306,2017-09-05,85
1307,2017-09-06,85
1308,2017-09-07,62
1309,2017-09-08,80
1310,2017-09-09,75
1311,2017-09-10,95
1312,2017-09-11,90
1313,2017-09-12,80
1314,2017-09-13,65
1315,2017-09-14,85
1316,2017-09-15,93
1317,2017-09-16,85
1318,2017-09-17,80
1319,2017-09-18,75
1320,2017-09-19,90
1321,2017-09-20,90
1322,2017-09-21,70
1323,2017-09-22,80
1324,2017-09-23,85
1325,2017-09-24,95
1326,2017-09-25,80
1327,2017-09-26,70
1328,2017-09-27,89
1329,2017-09-28,85
1330,2017-09-29,77
1331,2017-09-30,75
1332,2017-10-01,87
1333,2017-10-02,80
1334,2017-10-03,90
1335,2017-10-04,75
1336,2017-10-05,85
1337,2017-10-06,75
1338,2017-10-07,46
1339,2017-10-08,75
1340,2017-10-09,65
1341,2017-10-10,80
1342,2017-10-11,70
1343,2017-10-12,20
1344,2017-10-13,70
1345,2017-10-14,30
1346,2017-10-15,80
1347,2017-10-16,80
1348,2017-10-17,80
1349,2017-10-18,100
1350,2017-10-19,70
1351,2017-10-20,40
1352,2017-10-21,91
1353,2017-10-22,70
1354,2017-10-23,60
1355,2017-10-24,80
1356,2017-10-25,76
1357,2017-10-26,85
1358,2017-10-27,88
1359,2017-10-28,75
1360,2017-10-29,85
1361,2017-10-30,80
1362,2017-10-31,90
1363,2017-11-01,90
1364,2017-11-02,80
1365,2017-11-03,85
1366,2017-11-04,95
1367,2017-11-06,90
1368,2017-11-07,75
1369,2017-11-08,70
1370,2017-11-09,70
1371,2017-11-10,100
1372,2017-11-11,90
1373,2017-11-12,75
1374,2017-11-13,85
1375,2017-11-14,25
1376,2017-11-15,70
1377,2017-11-16,70
1378,2017-11-17,70
1379,2017-11-18,70
1380,2017-11-20,70
1381,2017-11-21,45
1382,2017-11-22,90
1383,2017-11-23,92
1384,2017-11-24,75
1385,2017-11-25,75
1386,2017-11-26,89
1387,2017-11-27,88
1388,2017-11-28,75
1389,2017-11-29,90
1390,2017-11-30,60
1391,2017-12-01,84
1392,2017-12-02,88
1393,2017-12-03,90
1394,2017-12-04,85
1395,2017-12-05,80
1396,2017-12-06,91
1397,2017-12-07,69
1398,2017-12-08,72
1399,2017-12-09,40
1400,2017-12-10,88
1401,2017-12-11,72
1402,2017-12-12,90
1403,2017-12-13,80
1404,2017-12-14,95
1405,2017-12-15,85
1406,2017-12-16,85
1407,2017-12-17,75
1408,2017-12-18,60
1409,2017-12-19,70
1410,2017-12-20,72
1411,2017-12-21,68
1412,2017-12-22,70
1413,2017-12-23,85
1414,2017-12-25,63
1415,2017-12-26,40
1416,2017-12-27,60
1417,2017-12-28,85
1418,2017-12-29,70
1419,2017-12-30,79
1420,2017-12-31,63
1421,2018-01-01,60
1422,2018-01-02,90
1423,2018-01-03,35
1424,2018-01-04,93
1425,2018-01-05,90
1426,2018-01-06,70
1427,2018-01-07,85
1428,2018-01-08,65
1429,2018-01-09,40
1430,2018-01-10,75
1431,2018-01-11,90
1432,2018-01-12,75
1433,2018-01-13,70
1434,2018-01-14,85
1435,2018-01-15,70
1436,2018-01-16,75
1437,2018-01-17,86
1438,2018-01-18,90
1439,2018-01-19,90
1440,2018-01-20,85
1441,2018-01-21,85
1442,2018-01-22,65
1443,2018-01-23,86
1444,2018-01-24,85
1445,2018-01-25,80
1446,2018-01-26,82
1447,2018-01-27,80
1448,2018-01-28,85
1449,2018-01-29,85
1450,2018-01-30,85
1451,2018-01-31,73
1452,2018-02-01,50
1453,2018-02-02,70
1454,2018-02-03,58
1455,2018-02-04,84
1456,2018-02-05,58
1457,2018-02-06,65
1458,2018-02-07,90
1459,2018-02-08,77
1460,2018-02-09,80
1461,2018-02-10,75
1462,2018-02-11,75
1463,2018-02-12,90
1464,2018-02-13,95
1465,2018-02-14,75
1466,2018-02-15,70
1467,2018-02-16,85
1468,2018-02-17,75
1469,2018-02-18,60
1470,2018-02-19,70
1471,2018-02-20,90
1472,2018-02-21,85
1473,2018-02-22,90
1474,2018-02-23,72
1475,2018-02-24,70
1476,2018-02-25,75
1477,2018-02-26,86
1478,2018-02-27,75
1479,2018-02-28,85
1480,2018-03-01,90
1481,2018-03-02,80
1482,2018-03-03,65
1483,2018-03-04,70
1484,2018-03-05,85
1485,2018-03-06,90
1486,2018-03-07,70
1487,2018-03-08,85
1488,2018-03-09,70
1489,2018-03-11,80
1490,2018-03-12,72
1491,2018-03-13,30
1492,2018-03-14,62
1493,2018-03-15,80
1494,2018-03-16,70
1495,2018-03-17,80
1496,2018-03-18,82
1497,2018-03-19,75
1498,2018-03-20,60
1499,2018-03-21,70
1500,2018-03-22,95
1501,2018-03-23,90
1502,2018-03-24,74
1503,2018-03-25,85
1504,2018-03-26,90
1505,2018-03-27,70
1506,2018-03-28,85
1507,2018-03-29,90
1508,2018-03-30,78
1509,2018-04-01,80
1510,2018-04-02,85
1511,2018-04-03,80
1512,2018-04-04,85
1513,2018-04-05,80
1514,2018-04-06,70
1515,2018-04-07,80
1516,2018-04-08,90
1517,2018-04-09,80
1518,2018-04-10,70
1519,2018-04-11,75
1520,2018-04-12,78
1521,2018-04-13,70
1522,2018-04-14,25
1523,2018-04-15,92
1524,2018-04-16,75
1525,2018-04-17,85
1526,2018-04-18,62
1527,2018-04-19,85
1528,2018-04-20,75
1529,2018-04-21,75
1530,2018-04-22,75
1531,2018-04-23,50
1532,2018-04-24,35
1533,2018-04-25,35
1534,2018-04-26,100
1535,2018-04-27,90
1536,2018-04-28,90
1537,2018-04-29,64
1538,2018-04-30,90
1539,2018-05-01,55
1540,2018-05-02,91
1541,2018-05-03,90
1542,2018-05-04,80
1543,2018-05-05,80
1544,2018-05-07,80
1545,2018-05-08,75
1546,2018-05-09,85
1547,2018-05-10,74
1548,2018-05-11,50
1549,2018-05-12,70
1550,2018-05-13,75
1551,2018-05-14,60
1552,2018-05-15,75
1553,2018-05-16,75
1554,2018-05-17,95
1555,2018-05-18,70
1556,2018-05-19,75
1557,2018-05-20,85
1558,2018-05-21,90
1559,2018-05-22,85
1560,2018-05-23,90
1561,2018-05-24,80
1562,2018-05-25,92
1563,2018-05-26,85
1564,2018-05-27,85
1565,2018-05-28,80
1566,2018-05-29,90
1567,2018-05-30,92
1568,2018-05-31,75
1569,2018-06-01,90
1570,2018-06-03,85
1571,2018-06-04,70
1572,2018-06-05,95
1573,2018-06-06,60
1574,2018-06-07,70
1575,2018-06-08,65
1576,2018-06-09,78
1577,2018-06-10,100
1578,2018-06-11,80
1579,2018-06-12,85
1580,2018-06-13,80
1581,2018-06-14,76
1582,2018-06-15,67
1583,2018-06-16,70
1584,2018-06-17,85
1585,2018-06-18,60
1586,2018-06-19,30
1587,2018-06-20,60
1588,2018-06-21,60
1589,2018-06-22,60
1590,2018-06-23,70
1591,2018-06-25,85
1592,2018-06-26,75
1593,2018-06-27,70
1594,2018-06-28,70
1595,2018-06-29,78
1596,2018-06-30,90
1597,2018-07-01,74
1598,2018-07-02,90
1599,2018-07-03,75
1600,2018-07-04,72
1601,2018-07-05,80
1602,2018-07-06,60
1603,2018-07-07,75
1604,2018-07-08,85
1605,2018-07-09,85
1606,2018-07-10,70
1607,2018-07-11,73
1608,2018-07-12,75
1609,2018-07-13,75
1610,2018-07-15,80
1611,2018-07-16,75
1612,2018-07-17,78
1613,2018-07-18,82
1614,2018-07-19,95
1615,2018-07-20,90
1616,2018-07-21,67
1617,2018-07-22,64
1618,2018-07-23,88
1619,2018-07-24,75
1620,2018-07-25,60
1621,2018-07-26,85
1622,2018-07-27,100
1623,2018-07-28,90
1624,2018-07-29,86
1625,2018-07-30,85
1626,2018-07-31,87
1627,2018-08-01,85
1628,2018-08-02,50
1629,2018-08-03,72
1630,2018-08-04,86
1631,2018-08-05,85
1632,2018-08-06,70
1633,2018-08-07,90
1634,2018-08-08,75
1635,2018-08-09,95
1636,2018-08-10,82
1637,2018-08-11,64
1638,2018-08-12,85
1639,2018-08-13,70
1640,2018-08-14,60
1641,2018-08-15,73
1642,2018-08-16,60
1643,2018-08-17,76
1644,2018-08-18,75
1645,2018-08-19,76
1646,2018-08-20,75
1647,2018-08-21,65
1648,2018-08-22,70
1649,2018-08-23,85
1650,2018-08-24,75
1651,2018-08-25,85
1652,2018-08-26,25
1653,2018-08-27,85
1654,2018-08-28,70
1655,2018-08-29,89
1656,2018-08-30,80
1657,2018-08-31,75
1658,2018-09-01,88
1659,2018-09-02,73
1660,2018-09-03,87
1661,2018-09-04,70
1662,2018-09-05,85
1663,2018-09-06,80
1664,2018-09-07,90
1665,2018-09-09,75
1666,2018-09-10,75
1667,2018-09-11,85
1668,2018-09-12,80
1669,2018-09-13,80
1670,2018-09-14,75
1671,2018-09-15,75
1672,2018-09-16,85
1673,2018-09-17,80
1674,2018-09-18,85
1675,2018-09-19,85
1676,2018-09-20,75
1677,2018-09-21,80
1678,2018-09-23,75
1679,2018-09-24,90
1680,2018-09-25,70
1681,2018-09-26,95
1682,2018-09-27,80
1683,2018-09-28,80
1684,2018-09-30,55
1685,2018-10-01,85
1686,2018-10-02,90
1687,2018-10-03,85
1688,2018-10-04,95
1689,2018-10-05,90
1690,2018-10-06,20
1691,2018-10-07,73
1692,2018-10-08,90
1693,2018-10-09,75
1694,2018-10-10,85
1695,2018-10-11,90
1696,2018-10-12,77
1697,2018-10-15,50
1698,2018-10-16,85
1699,2018-10-17,75
1700,2018-10-18,65
1701,2018-10-19,75
1702,2018-10-20,63
1703,2018-10-21,90
1704,2018-10-22,75
1705,2018-10-23,75
1706,2018-10-24,70
1707,2018-10-25,90
1708,2018-10-26,60
1709,2018-10-27,85
1710,2018-10-28,55
1711,2018-10-29,89
1712,2018-10-30,70
1713,2018-10-31,75
1714,2018-11-01,85
1715,2018-11-02,80
1716,2018-11-04,85
1717,2018-11-05,90
1718,2018-11-06,95
1719,2018-11-07,82
1720,2018-11-08,95
1721,2018-11-09,85
1722,2018-11-10,85
1723,2018-11-11,78
1724,2018-11-12,75
1725,2018-11-13,90
1726,2018-11-14,90
1727,2018-11-15,85
1728,2018-11-16,90
1729,2018-11-17,75
1730,2018-11-18,90
1731,2018-11-19,85
1732,2018-11-20,70
1733,2018-11-21,75
1734,2018-11-22,65
1735,2018-11-23,85
1736,2018-11-24,90
1737,2018-11-25,75
1738,2018-11-26,75
1739,2018-11-27,88
1740,2018-11-28,90
1741,2018-11-29,95
1742,2018-11-30,90
1743,2018-12-01,85
1744,2018-12-02,75
1745,2018-12-03,85
1746,2018-12-04,95
1747,2018-12-05,85
1748,2018-12-06,80
1749,2018-12-07,80
1750,2018-12-08,85
1751,2018-12-09,93
1752,2018-12-10,65
1753,2018-12-11,80
1754,2018-12-12,85
1755,2018-12-13,85
1756,2018-12-14,85
1757,2018-12-15,75
1758,2018-12-16,91
1759,2018-12-17,70
1760,2018-12-18,75
1761,2018-12-19,85
1762,2018-12-20,80
1763,2018-12-21,74
1764,2018-12-22,80
1765,2018-12-23,62
1766,2018-12-24,78
1767,2018-12-25,70
1768,2018-12-26,70
1769,2018-12-27,85
1770,2018-12-28,80
1771,2018-12-29,50
1772,2018-12-30,75
1773,2018-12-31,92
1774,2019-01-01,75
1775,2019-01-02,90
1776,2019-01-03,89
1777,2019-01-04,72
1778,2019-01-05,67
1779,2019-01-06,85
1780,2019-01-07,75
1781,2019-01-08,70
1782,2019-01-09,85
1783,2019-01-10,65
1784,2019-01-11,90
1785,2019-01-13,60
1786,2019-01-14,80
1787,2019-01-15,75
1788,2019-01-16,80
1789,2019-01-17,80
1790,2019-01-18,55
1791,2019-01-19,85
1792,2019-01-20,75
1793,2019-01-21,80
1794,2019-01-22,85
1795,2019-01-23,85
1796,2019-01-24,95
1797,2019-01-25,65
1798,2019-01-26,71
1799,2019-01-27,30
1800,2019-01-28,80
1801,2019-01-29,65
1802,2019-01-30,90
1803,2019-01-31,70
1804,2019-02-01,75
1805,2019-02-02,62
1806,2019-02-03,90
1807,2019-02-04,70
1808,2019-02-05,85
1809,2019-02-06,60
1810,2019-02-07,90
1811,2019-02-08,80
1812,2019-02-09,75
1813,2019-02-10,75
1814,2019-02-11,58
1815,2019-02-12,70
1816,2019-02-13,85
1817,2019-02-14,78
1818,2019-02-15,74
1819,2019-02-16,20
1820,2019-02-17,70
1821,2019-02-18,90
1822,2019-02-19,60
1823,2019-02-20,95
1824,2019-02-21,80
1825,2019-02-22,70
1826,2019-02-24,80
1827,2019-02-25,80
1828,2019-02-26,85
1829,2019-02-27,85
1830,2019-02-28,90
1831,2019-03-01,60
1832,2019-03-02,60
1833,2019-03-03,75
1834,2019-03-04,80
1835,2019-03-05,75
1836,2019-03-06,65
1837,2019-03-07,90
1838,2019-03-08,80
1839,2019-03-09,73
1840,2019-03-11,88
1841,2019-03-12,85
1842,2019-03-13,85
1843,2019-03-14,70
1844,2019-03-15,90
1845,2019-03-16,70
1846,2019-03-17,73
1847,2019-03-18,90
1848,2019-03-19,85
1849,2019-03-20,80
1850,2019-03-21,85
1851,2019-03-22,60
1852,2019-03-23,85
1853,2019-03-24,90
1854,2019-03-25,75
1855,2019-03-26,90
1856,2019-03-27,70
1857,2019-03-28,74
1858,2019-03-29,85
1859,2019-03-31,95
1860,2019-04-01,85
1861,2019-04-02,60
1862,2019-04-03,78
1863,2019-04-04,65
1864,2019-04-05,30
1865,2019-04-06,70
1866,2019-04-07,85
1867,2019-04-08,90
1868,2019-04-09,65
1869,2019-04-10,75
1870,2019-04-11,70
1871,2019-04-12,75
1872,2019-04-13,67
1873,2019-04-14,70
1874,2019-04-15,40
1875,2019-04-16,70
1876,2019-04-17,85
1877,2019-04-18,80
1878,2019-04-19,45
1879,2019-04-21,40
1880,2019-04-22,70
1881,2019-04-23,80
1882,2019-04-24,85
1883,2019-04-25,95
1884,2019-04-26,90
1885,2019-04-27,75
1886,2019-04-28,70
1887,2019-04-29,70
1888,2019-04-30,80
1889,2019-05-01,85
1890,2019-05-02,83
1891,2019-05-03,70
1892,2019-05-04,80
1893,2019-05-05,85
1894,2019-05-06,85
1895,2019-05-07,87
1896,2019-05-08,83
1897,2019-05-09,80
1898,2019-05-10,70
1899,2019-05-12,91
1900,2019-05-13,70
1901,2019-05-14,80
1902,2019-05-15,90
1903,2019-05-16,85
1904,2019-05-17,90
1905,2019-05-18,75
1906,2019-05-19,75
1907,2019-05-20,90
1908,2019-05-21,90
1909,2019-05-22,85
1910,2019-05-23,85
1911,2019-05-24,78
1912,2019-05-25,80
1913,2019-05-26,60
1914,2019-05-27,85
1915,2019-05-28,50
1916,2019-05-29,85
1917,2019-05-30,93
1918,2019-05-31,85
1919,2019-06-01,65
1920,2019-06-02,60
1921,2019-06-03,72
1922,2019-06-04,85
1923,2019-06-05,70
1924,2019-06-06,60
1925,2019-06-07,80
1926,2019-06-08,85
1927,2019-06-09,75
1928,2019-06-10,70
1929,2019-06-11,70
1930,2019-06-12,70
1931,2019-06-13,83
1932,2019-06-14,85
1933,2019-06-15,75
1934,2019-06-16,86
1935,2019-06-17,75
1936,2019-06-18,75
1937,2019-06-19,91
1938,2019-06-20,90
1939,2019-06-21,75
1940,2019-06-22,75
1941,2019-06-23,70
1942,2019-06-24,25
1943,2019-06-25,75
1944,2019-06-26,95
1945,2019-06-27,20
1946,2019-06-28,70
1947,2019-06-30,70
1948,2019-07-01,88
1949,2019-07-02,50
1950,2019-07-03,75
1951,2019-07-04,80
1952,2019-07-05,80
1953,2019-07-06,65
1954,2019-07-07,85
1955,2019-07-08,78
1956,2019-07-09,60
1957,2019-07-10,70
1958,2019-07-11,95
1959,2019-07-12,70
1960,2019-07-13,84
1961,2019-07-14,65
1962,2019-07-15,90
1963,2019-07-16,78
1964,2019-07-17,90
1965,2019-07-18,90
1966,2019-07-19,75
1967,2019-07-20,87
1968,2019-07-21,94
1969,2019-07-22,95
1970,2019-07-23,90
1971,2019-07-24,80
1972,2019-07-25,80
1973,2019-07-26,75
1974,2019-07-27,60
1975,2019-07-28,83
1976,2019-07-29,80
1977,2019-07-30,85
1978,2019-07-31,75
1979,2019-08-01,85
1980,2019-08-02,92
1981,2019-08-03,55
1982,2019-08-04,90
1983,2019-08-05,70
1984,2019-08-06,75
1985,2019-08-07,60
1986,2019-08-08,75
1987,2019-08-09,64
1988,2019-08-10,90
1989,2019-08-11,70
1990,2019-08-12,90
1991,2019-08-13,70
1992,2019-08-14,40
1993,2019-08-15,90
1994,2019-08-16,85
1995,2019-08-17,85
1996,2019-08-18,60
1997,2019-08-19,85
1998,2019-08-20,70
1999,2019-08-21,67
2000,2019-08-22,45
2001,2019-08-23,80
2002,2019-08-24,95
2003,2019-08-26,67
2004,2019-08-27,70
2005,2019-08-28,80
2006,2019-08-29,70
2007,2019-08-30,75
2008,2019-08-31,75
2009,2019-09-01,80
2010,2019-09-02,70
2011,2019-09-03,90
2012,2019-09-04,80
2013,2019-09-05,70
2014,2019-09-06,75
2015,2019-09-07,85
2016,2019-09-08,74
2017,2019-09-09,75
2018,2019-09-10,57
2019,2019-09-11,87
2020,2019-09-12,70
2021,2019-09-13,85
2022,2019-09-14,70
2023,2019-09-15,86
2024,2019-09-16,85
2025,2019-09-17,70
2026,2019-09-18,75
2027,2019-09-19,80
2028,2019-09-20,85
2029,2019-09-22,82
2030,2019-09-23,70
2031,2019-09-24,65
2032,2019-09-25,85
2033,2019-09-26,80
2034,2019-09-27,75
2035,2019-09-28,75
2036,2019-09-29,75
2037,2019-09-30,60
2038,2019-10-01,80
2039,2019-10-02,70
2040,2019-10-03,75
2041,2019-10-04,59
2042,2019-10-05,80
2043,2019-10-07,75
2044,2019-10-08,95
2045,2019-10-09,75
2046,2019-10-10,85
2047,2019-10-11,92
2048,2019-10-13,85
2049,2019-10-14,75
2050,2019-10-15,75
2051,2019-10-16,91
2052,2019-10-17,70
2053,2019-10-18,70
2054,2019-10-19,85
2055,2019-10-21,60
2056,2019-10-22,90
2057,2019-10-23,88
2058,2019-10-24,60
2059,2019-10-25,95
2060,2019-10-26,90
2061,2019-10-28,90
2062,2019-10-29,90
2063,2019-10-30,72
2064,2019-10-31,70
2065,2019-11-01,60
2066,2019-11-02,88
2067,2019-11-03,90
2068,2019-11-04,85
2069,2019-11-05,85
2070,2019-11-06,75
2071,2019-11-07,90
2072,2019-11-08,80
2073,2019-11-09,90
2074,2019-11-10,85
2075,2019-11-11,70
2076,2019-11-12,70
2077,2019-11-13,70
2078,2019-11-14,65
2079,2019-11-15,85
2080,2019-11-16,71
2081,2019-11-17,62
2082,2019-11-18,90
2083,2019-11-19,89
2084,2019-11-20,80
2085,2019-11-21,90
2086,2019-11-22,60
2087,2019-11-23,30
2088,2019-11-24,90
2089,2019-11-25,70
2090,2019-11-26,85
2091,2019-11-27,65
2092,2019-11-28,70
2093,2019-11-29,80
2094,2019-11-30,70
2095,2019-12-01,90
2096,2019-12-02,75
2097,2019-12-03,85
2098,2019-12-04,75
2099,2019-12-05,85
2100,2019-12-06,80
2101,2019-12-07,75
2102,2019-12-08,92
2103,2019-12-09,70
2104,2019-12-10,80
2105,2019-12-11,82
2106,2019-12-12,85
2107,2019-12-13,90
2108,2019-12-14,93
2109,2019-12-15,94
2110,2019-12-16,85
2111,2019-12-17,58
2112,2019-12-18,90
2113,2019-12-19,85
2114,2019-12-20,85
2115,2019-12-21,80
2116,2019-12-23,85
2117,2019-12-24,90
2118,2019-12-25,70
2119,2019-12-26,50
2120,2019-12-27,70
2121,2019-12-28,65
2122,2019-12-29,74
2123,2019-12-30,80
2124,2019-12-31,60
2125,2020-01-01,60
2126,2020-01-02,85
2127,2020-01-03,70
2128,2020-01-04,65
2129,2020-01-05,85
2130,2020-01-06,80
2131,2020-01-07,95
2132,2020-01-08,85
2133,2020-01-09,90
2134,2020-01-10,60
2135,2020-01-11,90
2136,2020-01-12,88
2137,2020-01-13,70
2138,2020-01-14,90
2139,2020-01-15,85
2140,2020-01-16,90
2141,2020-01-17,90
2142,2020-01-18,85
2143,2020-01-19,70
2144,2020-01-20,65
2145,2020-01-21,87
2146,2020-01-22,85
2147,2020-01-23,80
2148,2020-01-24,75
2149,2020-01-25,85
2150,2020-01-26,85
2151,2020-01-27,89
2152,2020-01-28,85
2153,2020-01-29,90
2154,2020-01-30,85
2155,2020-01-31,75
2156,2020-02-01,86
2157,2020-02-02,90
2158,2020-02-03,80
2159,2020-02-04,75
2160,2020-02-05,90
2161,2020-02-06,80
2162,2020-02-07,92
2163,2020-02-08,100
2164,2020-02-09,70
2165,2020-02-10,70
2166,2020-02-11,85
2167,2020-02-12,70
2168,2020-02-13,90
2169,2020-02-14,90
2170,2020-02-15,70
2171,2020-02-17,90
2172,2020-02-18,70
2173,2020-02-19,85
2174,2020-02-20,90
2175,2020-02-21,85
2176,2020-02-23,80
2177,2020-02-24,90
2178,2020-02-25,75
2179,2020-02-26,70
2180,2020-02-27,72
2181,2020-02-28,85
2182,2020-02-29,76
2183,2020-03-01,80
2184,2020-03-02,75
2185,2020-03-03,65
2186,2020-03-04,80
2187,2020-03-05,70
2188,2020-03-06,85
2189,2020-03-07,90
2190,2020-03-08,70
2191,2020-03-09,70
2192,2020-03-10,90
2193,2020-03-11,60
2194,2020-03-12,90
2195,2020-03-13,55
2196,2020-03-14,85
2197,2020-03-15,87
2198,2020-03-16,90
2199,2020-03-17,80
2200,2020-03-18,75
2201,2020-03-19,75
2202,2020-03-20,70
2203,2020-03-21,90
2204,2020-03-23,30
2205,2020-03-24,90
2206,2020-03-25,55
2207,2020-03-26,87
2208,2020-03-27,70
2209,2020-03-29,84
2210,2020-03-30,90
2211,2020-03-31,70
2212,2020-04-01,86
2213,2020-04-02,85
2214,2020-04-03,85
2215,2020-04-04,85
2216,2020-04-05,76
2217,2020-04-06,85
2218,2020-04-07,65
2219,2020-04-08,70
2220,2020-04-09,80
2221,2020-04-10,75
2222,2020-04-11,80
2223,2020-04-13,70
2224,2020-04-14,90
2225,2020-04-15,80
2226,2020-04-16,80
2227,2020-04-17,60
2228,2020-04-19,92
2229,2020-04-20,75
2230,2020-04-21,90
2231,2020-04-22,55
2232,2020-04-23,87
2233,2020-04-24,60
2234,2020-04-25,70
2235,2020-04-26,70
2236,2020-04-27,80
2237,2020-04-28,80
2238,2020-04-29,90
2239,2020-04-30,92
2240,2020-05-01,80
2241,2020-05-02,70
2242,2020-05-03,80
2243,2020-05-04,64
2244,2020-05-05,65
2245,2020-05-06,75
2246,2020-05-07,70
2247,2020-05-08,70
2248,2020-05-09,80
2249,2020-05-10,75
2250,2020-05-11,70
2251,2020-05-12,85
2252,2020-05-13,80
2253,2020-05-14,70
2254,2020-05-15,70
2255,2020-05-16,85
2256,2020-05-17,90
2257,2020-05-18,85
2258,2020-05-19,75
2259,2020-05-20,90
2260,2020-05-21,90
2261,2020-05-22,80
2262,2020-05-23,75
2263,2020-05-24,85
2264,2020-05-25,70
2265,2020-05-26,85
2266,2020-05-27,90
2267,2020-05-28,70
2268,2020-05-29,50
2269,2020-05-30,50
2270,2020-05-31,70
2271,2020-06-01,65
2272,2020-06-02,80
2273,2020-06-03,75
2274,2020-06-04,90
2275,2020-06-05,85
2276,2020-06-06,50
2277,2020-06-07,75
2278,2020-06-08,80
2279,2020-06-09,90
2280,2020-06-10,80
2281,2020-06-11,80
2282,2020-06-12,70
2283,2020-06-13,85
2284,2020-06-15,70
2285,2020-06-16,88
2286,2020-06-17,85
2287,2020-06-18,70
2288,2020-06-19,55
2289,2020-06-20,85
2290,2020-06-21,70
2291,2020-06-22,75
2292,2020-06-23,85
2293,2020-06-24,78
2294,2020-06-25,85
2295,2020-06-26,45
2296,2020-06-27,15
2297,2020-06-28,60
2298,2020-06-29,45
2299,2020-06-30,90
2300,2020-07-01,90
2301,2020-07-02,75
2302,2020-07-03,85
2303,2020-07-04,85
2304,2020-07-05,20
2305,2020-07-06,80
2306,2020-07-07,90
2307,2020-07-08,95
2308,2020-07-09,85
2309,2020-07-10,70
2310,2020-07-11,70
2311,2020-07-12,80
2312,2020-07-13,80
2313,2020-07-14,85
2314,2020-07-15,80
2315,2020-07-16,74
2316,2020-07-17,75
2317,2020-07-18,80
2318,2020-07-19,75
2319,2020-07-20,85
2320,2020-07-21,90
2321,2020-07-22,70
2322,2020-07-23,80
2323,2020-07-24,80
2324,2020-07-25,75
2325,2020-07-27,70
2326,2020-07-28,75
2327,2020-07-29,65
2328,2020-07-30,90
2329,2020-07-31,81
2330,2020-08-01,90
2331,2020-08-02,62
2332,2020-08-03,85
2333,2020-08-04,85
2334,2020-08-05,70
2335,2020-08-06,90
2336,2020-08-07,85
2337,2020-08-08,70
2338,2020-08-09,70
2339,2020-08-10,75
2340,2020-08-11,95
2341,2020-08-12,75
2342,2020-08-13,80
2343,2020-08-14,87
2344,2020-08-17,95
2345,2020-08-18,70
2346,2020-08-19,85
2347,2020-08-20,90
2348,2020-08-21,90
2349,2020-08-22,75
2350,2020-08-23,76
2351,2020-08-24,60
2352,2020-08-25,90
2353,2020-08-26,75
2354,2020-08-27,90
2355,2020-08-28,20
2356,2020-08-30,80
2357,2020-08-31,80
2358,2020-09-01,80
2359,2020-09-02,70
2360,2020-09-03,70
2361,2020-09-04,90
2362,2020-09-05,90
2363,2020-09-07,70
2364,2020-09-08,85
2365,2020-09-09,85
2366,2020-09-10,80
2367,2020-09-11,70
2368,2020-09-12,92
2369,2020-09-13,60
2370,2020-09-14,80
2371,2020-09-15,70
2372,2020-09-16,85
2373,2020-09-17,90
2374,2020-09-18,45
2375,2020-09-20,80
2376,2020-09-21,90
2377,2020-09-22,60
2378,2020-09-23,70
2379,2020-09-24,70
2380,2020-09-25,85
2381,2020-09-26,85
2382,2020-09-27,87
2383,2020-09-28,85
2384,2020-09-29,75
2385,2020-09-30,70
2386,2020-10-01,70
2387,2020-10-02,75
2388,2020-10-05,90
2389,2020-10-06,75
2390,2020-10-07,80
2391,2020-10-08,90
2392,2020-10-09,77
2393,2020-10-10,75
2394,2020-10-11,90
2395,2020-10-12,95
2396,2020-10-13,75
2397,2020-10-14,87
2398,2020-10-15,90
2399,2020-10-16,75
2400,2020-10-17,75
2401,2020-10-18,92
2402,2020-10-19,70
2403,2020-10-20,90
2404,2020-10-21,85
2405,2020-10-22,80
2406,2020-10-23,100
2407,2020-10-24,60
2408,2020-10-25,55
2409,2020-10-26,75
2410,2020-10-27,85
2411,2020-10-28,20
2412,2020-10-29,70
2413,2020-10-30,70
2414,2020-10-31,85
2415,2020-11-01,75
2416,2020-11-02,90
2417,2020-11-03,80
2418,2020-11-04,75
2419,2020-11-05,75
2420,2020-11-06,80
2421,2020-11-07,88
2422,2020-11-09,75
2423,2020-11-10,77
2424,2020-11-11,60
2425,2020-11-12,80
2426,2020-11-13,85
2427,2020-11-14,75
2428,2020-11-15,87
2429,2020-11-16,83
2430,2020-11-17,95
2431,2020-11-18,80
2432,2020-11-19,85
2433,2020-11-20,90
2434,2020-11-22,74
2435,2020-11-23,90
2436,2020-11-24,90
2437,2020-11-25,40
2438,2020-11-26,75
2439,2020-11-27,60
2440,2020-11-28,85
2441,2020-11-29,23
2442,2020-11-30,70
2443,2020-12-01,75
2444,2020-12-02,88
2445,2020-12-03,90
2446,2020-12-04,86
2447,2020-12-05,85
2448,2020-12-06,70
2449,2020-12-07,91
2450,2020-12-08,90
2451,2020-12-09,70
2452,2020-12-10,85
2453,2020-12-11,90
2454,2020-12-13,25
2455,2020-12-14,70
2456,2020-12-15,85
2457,2020-12-16,75
2458,2020-12-17,20
2459,2020-12-18,70
2460,2020-12-20,90
2461,2020-12-21,90
2462,2020-12-22,85
2463,2020-12-23,50
2464,2020-12-24,60
2465,2020-12-25,80
2466,2020-12-26,80
2467,2020-12-27,75
2468,2020-12-28,85
2469,2020-12-29,95
2470,2020-12-30,88
2471,2020-12-31,30
2472,2021-01-01,30
2473,2021-01-02,92
2474,2021-01-03,85
2475,2021-01-04,90
2476,2021-01-05,30
2477,2021-01-06,70
2478,2021-01-07,78
2479,2021-01-08,70
2480,2021-01-10,85
2481,2021-01-11,85
2482,2021-01-12,75
2483,2021-01-13,70
2484,2021-01-14,80
2485,2021-01-15,75
2486,2021-01-16,70
2487,2021-01-17,70
2488,2021-01-18,95
2489,2021-01-19,90
2490,2021-01-20,75
2491,2021-01-21,90
2492,2021-01-22,50
2493,2021-01-23,95
2494,2021-01-24,90
2495,2021-01-25,97
2496,2021-01-26,95
2497,2021-01-27,100
2498,2021-01-28,85
2499,2021-01-29,75
2500,2021-01-30,75
2501,2021-01-31,90
2502,2021-02-01,85
2503,2021-02-02,85
2504,2021-02-03,70
2505,2021-02-04,75
2506,2021-02-05,50
2507,2021-02-06,70
2508,2021-02-07,75
2509,2021-02-08,70
2510,2021-02-09,82
2511,2021-02-10,75
2512,2021-02-11,85
2513,2021-02-12,74
2514,2021-02-13,70
2515,2021-02-14,75
2516,2021-02-15,80
2517,2021-02-16,95
2518,2021-02-17,85
2519,2021-02-18,85
2520,2021-02-19,85
2521,2021-02-20,90
2522,2021-02-21,85
2523,2021-02-22,85
2524,2021-02-23,90
2525,2021-02-24,85
2526,2021-02-25,90
2527,2021-02-26,90
2528,2021-02-27,85
2529,2021-03-01,93
2530,2021-03-02,90
2531,2021-03-03,30
2532,2021-03-04,95
2533,2021-03-05,60
2534,2021-03-06,40
2535,2021-03-07,20
2536,2021-03-08,70
2537,2021-03-09,65
2538,2021-03-10,80
2539,2021-03-11,75
2540,2021-03-12,65
2541,2021-03-14,20
2542,2021-03-15,75
2543,2021-03-16,85
2544,2021-03-17,85
2545,2021-03-18,75
2546,2021-03-19,65
2547,2021-03-20,70
2548,2021-03-21,85
2549,2021-03-22,80
2550,2021-03-23,75
2551,2021-03-24,90
2552,2021-03-25,90
2553,2021-03-26,95
2554,2021-03-27,85
2555,2021-03-28,65
2556,2021-03-29,80
2557,2021-03-30,83
2558,2021-03-31,85
2559,2021-04-01,75
2560,2021-04-02,80
2561,2021-04-03,74
2562,2021-04-04,70
2563,2021-04-05,93
2564,2021-04-06,88
2565,2021-04-07,70
2566,2021-04-08,70
2567,2021-04-09,90
2568,2021-04-11,90
2569,2021-04-12,85
2570,2021-04-13,75
2571,2021-04-14,95
2572,2021-04-15,70
2573,2021-04-16,85
2574,2021-04-17,98
2575,2021-04-19,89
2576,2021-04-20,90
2577,2021-04-21,80
2578,2021-04-22,90
2579,2021-04-23,85
2580,2021-04-25,90
2581,2021-04-26,85
2582,2021-04-27,85
2583,2021-04-28,80
2584,2021-04-29,80
2585,2021-04-30,95
2586,2021-05-01,70
2587,2021-05-02,87
2588,2021-05-03,90
2589,2021-05-04,60
2590,2021-05-05,85
2591,2021-05-06,80
2592,2021-05-07,75
2593,2021-05-08,78
2594,2021-05-09,74
2595,2021-05-10,90
2596,2021-05-11,50
2597,2021-05-12,90
2598,2021-05-13,70
2599,2021-05-14,91
2600,2021-05-15,70
2601,2021-05-16,10
2602,2021-05-17,65
2603,2021-05-18,65
2604,2021-05-19,90
2605,2021-05-20,80
2606,2021-05-21,80
2607,2021-05-22,60
2608,2021-05-24,90
2609,2021-05-25,87
2610,2021-05-26,85
2611,2021-05-27,80
2612,2021-05-28,10
2613,2021-05-29,80
2614,2021-05-30,70
2615,2021-05-31,70
2616,2021-06-01,85
2617,2021-06-02,75
2618,2021-06-03,85
2619,2021-06-04,60
2620,2021-06-05,95
2621,2021-06-06,30
2622,2021-06-07,75
2623,2021-06-08,90
2624,2021-06-09,75
2625,2021-06-10,85
2626,2021-06-11,70
2627,2021-06-12,42
2628,2021-06-13,70
2629,2021-06-14,85
2630,2021-06-15,73
2631,2021-06-16,74
2632,2021-06-17,85
2633,2021-06-18,79
2634,2021-06-19,80
2635,2021-06-20,60
2636,2021-06-21,70
2637,2021-06-22,100
2638,2021-06-23,85
2639,2021-06-24,75
2640,2021-06-25,60
2641,2021-06-26,25
2642,2021-06-27,95
2643,2021-06-28,40
2644,2021-06-29,75
2645,2021-06-30,85
2646,2021-07-01,84
2647,2021-07-02,85
2648,2021-07-05,90
2649,2021-07-06,70
2650,2021-07-07,78
2651,2021-07-08,70
2652,2021-07-09,72
2653,2021-07-10,70
2654,2021-07-11,76
2655,2021-07-12,70
2656,2021-07-13,75
2657,2021-07-14,75
2658,2021-07-15,80
2659,2021-07-16,100
2660,2021-07-18,85
2661,2021-07-19,70
2662,2021-07-20,75
2663,2021-07-21,80
2664,2021-07-22,85
2665,2021-07-23,90
2666,2021-07-24,82
2667,2021-07-25,92
2668,2021-07-26,85
2669,2021-07-27,90
2670,2021-07-28,91
2671,2021-07-29,85
2672,2021-07-30,72
2673,2021-07-31,75
2674,2021-08-01,75
2675,2021-08-02,85
2676,2021-08-03,70
2677,2021-08-04,75
2678,2021-08-05,85
2679,2021-08-06,89
2680,2021-08-07,75
2681,2021-08-09,70
2682,2021-08-10,80
2683,2021-08-11,90
2684,2021-08-12,70
2685,2021-08-13,75
2686,2021-08-14,90
2687,2021-08-16,75
2688,2021-08-17,72
2689,2021-08-18,70
2690,2021-08-19,76
2691,2021-08-20,80
2692,2021-08-21,78
2693,2021-08-22,90
2694,2021-08-23,85
2695,2021-08-24,70
2696,2021-08-25,90
2697,2021-08-26,85
2698,2021-08-27,80
2699,2021-08-28,50
2700,2021-08-29,5
2701,2021-08-30,55
2702,2021-08-31,85
2703,2021-09-01,88
2704,2021-09-02,70
2705,2021-09-03,90
2706,2021-09-04,68
2707,2021-09-05,72
2708,2021-09-06,50
2709,2021-09-07,80
2710,2021-09-08,85
2711,2021-09-09,75
2712,2021-09-10,70
2713,2021-09-12,75
2714,2021-09-13,63
2715,2021-09-14,90
2716,2021-09-15,85
2717,2021-09-16,85
2718,2021-09-17,25
2719,2021-09-19,85
2720,2021-09-20,85
2721,2021-09-21,90
2722,2021-09-22,90
2723,2021-09-23,70
2724,2021-09-24,85
2725,2021-09-25,78
2726,2021-09-27,80
2727,2021-09-28,80
2728,2021-09-29,85
2729,2021-09-30,90
2730,2021-10-01,85
2731,2021-10-02,85
2732,2021-10-03,90
2733,2021-10-04,80
2734,2021-10-05,80
2735,2021-10-06,85
2736,2021-10-07,94
2737,2021-10-08,75
2738,2021-10-10,83
2739,2021-10-11,90
2740,2021-10-12,85
2741,2021-10-13,65
2742,2021-10-14,75
2743,2021-10-15,70
2744,2021-10-16,75
2745,2021-10-17,85
2746,2021-10-18,75
2747,2021-10-19,93
2748,2021-10-20,80
2749,2021-10-21,70
2750,2021-10-22,40
2751,2021-10-23,77
2752,2021-10-24,47
2753,2021-10-25,60
2754,2021-10-26,95
2755,2021-10-27,90
2756,2021-10-28,85
2757,2021-10-29,85
2758,2021-11-01,70
2759,2021-11-02,93
2760,2021-11-03,75
2761,2021-11-04,75
2762,2021-11-05,58
2763,2021-11-06,91
2764,2021-11-07,62
2765,2021-11-08,85
2766,2021-11-09,70
2767,2021-11-10,50
2768,2021-11-11,75
2769,2021-11-12,75
2770,2021-11-13,90
2771,2021-11-14,65
2772,2021-11-15,80
2773,2021-11-16,92
2774,2021-11-17,85
2775,2021-11-18,70
2776,2021-11-19,70
2777,2021-11-20,65
2778,2021-11-21,68
2779,2021-11-22,75
2780,2021-11-23,70
2781,2021-11-24,75
2782,2021-11-25,80
2783,2021-11-26,73
2784,2021-11-27,95
2785,2021-11-28,75
2786,2021-11-29,75
2787,2021-11-30,90
2788,2021-12-01,60
2789,2021-12-02,85
2790,2021-12-03,75
2791,2021-12-05,75
2792,2021-12-06,80
2793,2021-12-07,75
2794,2021-12-08,60
2795,2021-12-09,65
2796,2021-12-10,85
2797,2021-12-11,65
2798,2021-12-12,70
2799,2021-12-13,70
2800,2021-12-14,60
2801,2021-12-15,90
2802,2021-12-16,90
2803,2021-12-17,70
2804,2021-12-18,45
2805,2021-12-19,94
2806,2021-12-20,70
2807,2021-12-21,78
2808,2021-12-22,70
2809,2021-12-23,85
2810,2021-12-24,70
2811,2021-12-25,70
2812,2021-12-26,85
2813,2021-12-27,75
2814,2021-12-28,60
2815,2021-12-29,45
2816,2021-12-30,52
2817,2021-12-31,85
2818,2022-01-01,50
2819,2022-01-02,75
2820,2022-01-03,70
2821,2022-01-04,80
2822,2022-01-05,70
2823,2022-01-06,65
2824,2022-01-07,80
2825,2022-01-08,80
2826,2022-01-09,85
2827,2022-01-10,75
2828,2022-01-11,30
2829,2022-01-12,90
2830,2022-01-13,75
2831,2022-01-14,75
2832,2022-01-15,50
2833,2022-01-16,75
2834,2022-01-17,90
2835,2022-01-18,90
2836,2022-01-19,85
2837,2022-01-20,82
2838,2022-01-21,75
2839,2022-01-22,78
2840,2022-01-24,90
2841,2022-01-25,85
2842,2022-01-26,75
2843,2022-01-27,75
2844,2022-01-28,90
2845,2022-01-29,60
2846,2022-01-30,50
2847,2022-01-31,65
2848,2022-02-01,80
2849,2022-02-02,90
2850,2022-02-03,65
2851,2022-02-04,95
2852,2022-02-05,70
2853,2022-02-06,88
2854,2022-02-07,75
2855,2022-02-08,85
2856,2022-02-09,75
2857,2022-02-10,85
2858,2022-02-11,90
2859,2022-02-12,72
2860,2022-02-13,90
2861,2022-02-14,75
2862,2022-02-15,85
2863,2022-02-16,75
2864,2022-02-17,88
2865,2022-02-18,80
2866,2022-02-19,75
2867,2022-02-20,85
2868,2022-02-21,65
2869,2022-02-22,75
2870,2022-02-23,70
2871,2022-02-24,80
2872,2022-02-25,65
2873,2022-02-26,85
2874,2022-02-27,96
2875,2022-02-28,85
2876,2022-03-01,85
2877,2022-03-02,72
2878,2022-03-03,60
2879,2022-03-04,85
2880,2022-03-05,85
2881,2022-03-06,85
2882,2022-03-07,95
2883,2022-03-08,90
2884,2022-03-09,80
2885,2022-03-10,85
2886,2022-03-11,85
2887,2022-03-13,80
2888,2022-03-14,75
2889,2022-03-15,85
2890,2022-03-16,85
2891,2022-03-17,75
2892,2022-03-18,75
2893,2022-03-20,72
2894,2022-03-21,85
2895,2022-03-22,15
2896,2022-03-23,40
2897,2022-03-24,75
2898,2022-03-25,70
2899,2022-03-26,30
2900,2022-03-27,20
2901,2022-03-28,80
2902,2022-03-29,70
2903,2022-03-30,80
2904,2022-03-31,90
2905,2022-04-01,75
2906,2022-04-02,85
2907,2022-04-03,40
2908,2022-04-04,90
2909,2022-04-05,85
2910,2022-04-06,90
2911,2022-04-07,80
2912,2022-04-08,80
2913,2022-04-09,90
2914,2022-04-10,70
2915,2022-04-11,90
2916,2022-04-12,85
2917,2022-04-13,85
2918,2022-04-14,70
2919,2022-04-15,50
2920,2022-04-16,70
2921,2022-04-17,72
2922,2022-04-18,90
2923,2022-04-19,70
2924,2022-04-20,75
2925,2022-04-21,80
2926,2022-04-22,90
2927,2022-04-23,80
2928,2022-04-25,85
2929,2022-04-26,90
2930,2022-04-27,75
2931,2022-04-28,90
2932,2022-04-29,99
2933,2022-04-30,85
2934,2022-05-01,70
2935,2022-05-02,80
2936,2022-05-03,80
2937,2022-05-04,80
2938,2022-05-05,75
2939,2022-05-06,95
2940,2022-05-07,20
2941,2022-05-08,75
2942,2022-05-09,75
2943,2022-05-10,85
2944,2022-05-11,85
2945,2022-05-12,78
2946,2022-05-13,80
2947,2022-05-14,25
2948,2022-05-15,75
2949,2022-05-16,85
2950,2022-05-17,70
2951,2022-05-18,90
2952,2022-05-19,70
2953,2022-05-20,78
2954,2022-05-23,73
2955,2022-05-24,70
2956,2022-05-25,85
2957,2022-05-26,70
2958,2022-05-27,90
2959,2022-05-28,59
2960,2022-05-30,65
2961,2022-05-31,77
2962,2022-06-01,85
2963,2022-06-02,85
2964,2022-06-03,70
2965,2022-06-04,75
2966,2022-06-06,70
2967,2022-06-07,85
2968,2022-06-08,40
2969,2022-06-09,60
2970,2022-06-10,74
2971,2022-06-11,75
2972,2022-06-12,90
2973,2022-06-13,85
2974,2022-06-14,85
2975,2022-06-15,85
2976,2022-06-16,85
2977,2022-06-17,75
2978,2022-06-18,85
2979,2022-06-19,90
2980,2022-06-20,80
2981,2022-06-21,90
2982,2022-06-22,75
2983,2022-06-23,75
2984,2022-06-24,100
2985,2022-06-25,40
2986,2022-06-26,90
2987,2022-06-27,80
2988,2022-06-28,73
2989,2022-06-29,60
2990,2022-06-30,75
2991,2022-07-01,65
2992,2022-07-02,48
2993,2022-07-03,83
2994,2022-07-04,70
2995,2022-07-05,80
2996,2022-07-06,85
2997,2022-07-07,95
2998,2022-07-08,60
2999,2022-07-10,90
3000,2022-07-11,60
3001,2022-07-12,75
3002,2022-07-13,90
3003,2022-07-14,75
3004,2022-07-15,75
3005,2022-07-18,90
3006,2022-07-19,90
3007,2022-07-20,85
3008,2022-07-21,75
3009,2022-07-22,70
3010,2022-07-23,70
3011,2022-07-24,62
3012,2022-07-25,70
3013,2022-07-26,70
3014,2022-07-27,80
3015,2022-07-28,85
3016,2022-07-29,85
3017,2022-07-31,25
3018,2022-08-01,90
3019,2022-08-02,85
3020,2022-08-03,75
3021,2022-08-04,90
3022,2022-08-05,60
3023,2022-08-06,60
3024,2022-08-08,70
3025,2022-08-09,95
3026,2022-08-10,70
3027,2022-08-11,25
3028,2022-08-12,75
3029,2022-08-13,85
3030,2022-08-14,80
3031,2022-08-15,75
3032,2022-08-16,75
3033,2022-08-17,90
3034,2022-08-18,91
3035,2022-08-19,75
3036,2022-08-20,95
3037,2022-08-21,70
3038,2022-08-22,58
3039,2022-08-23,85
3040,2022-08-24,80
3041,2022-08-25,70
3042,2022-08-26,95
3043,2022-08-27,85
3044,2022-08-28,85
3045,2022-08-29,70
3046,2022-08-30,85
3047,2022-08-31,85
3048,2022-09-01,80
3049,2022-09-02,75
3050,2022-09-03,70
3051,2022-09-04,72
3052,2022-09-05,65
3053,2022-09-06,40
3054,2022-09-07,70
3055,2022-09-08,50
3056,2022-09-09,60
3057,2022-09-10,80
3058,2022-09-11,75
3059,2022-09-12,60
3060,2022-09-13,85
3061,2022-09-14,85
3062,2022-09-15,85
3063,2022-09-16,95
3064,2022-09-17,60
3065,2022-09-18,52
3066,2022-09-19,70
3067,2022-09-20,80
3068,2022-09-21,70
3069,2022-09-22,88
3070,2022-09-23,80
3071,2022-09-24,85
3072,2022-09-25,88
3073,2022-09-26,60
3074,2022-09-27,65
3075,2022-09-28,75
3076,2022-09-29,75
3077,2022-09-30,10
3078,2022-10-01,85
3079,2022-10-02,75
3080,2022-10-03,85
3081,2022-10-04,70
3082,2022-10-05,80
3083,2022-10-06,40
3084,2022-10-07,85
3085,2022-10-09,87
3086,2022-10-10,90
3087,2022-10-11,80
3088,2022-10-12,95
3089,2022-10-13,85
3090,2022-10-14,90
3091,2022-10-16,85
3092,2022-10-17,90
3093,2022-10-18,90
3094,2022-10-19,25
3095,2022-10-20,60
3096,2022-10-21,82
3097,2022-10-22,85
3098,2022-10-23,90
3099,2022-10-24,60
3100,2022-10-25,55
3101,2022-10-26,92
3102,2022-10-27,85
3103,2022-10-28,70
3104,2022-10-29,78
3105,2022-10-30,70
3106,2022-10-31,90
3107,2022-11-01,65
3108,2022-11-02,90
3109,2022-11-03,95
3110,2022-11-04,25
3111,2022-11-05,69
3112,2022-11-06,31
3113,2022-11-07,90
3114,2022-11-08,71
3115,2022-11-09,70
3116,2022-11-10,75
3117,2022-11-11,80
3118,2022-11-12,85
3119,2022-11-13,20
3120,2022-11-14,85
3121,2022-11-15,90
3122,2022-11-16,85
3123,2022-11-17,91
3124,2022-11-18,72
3125,2022-11-20,93
3126,2022-11-21,85
3127,2022-11-22,90
3128,2022-11-23,85
3129,2022-11-24,95
3130,2022-11-25,90
3131,2022-11-26,86
3132,2022-11-27,50
3133,2022-11-28,80
3134,2022-11-29,80
3135,2022-11-30,40
3136,2022-12-01,70
3137,2022-12-02,70
3138,2022-12-03,5
3139,2022-12-04,78
3140,2022-12-05,80
3141,2022-12-06,40
3142,2022-12-07,75
3143,2022-12-08,10
3144,2022-12-09,75
3145,2022-12-10,50
3146,2022-12-11,85
3147,2022-12-12,67
3148,2022-12-13,70
3149,2022-12-14,20
3150,2022-12-15,75
3151,2022-12-16,70
3152,2022-12-18,60
3153,2022-12-19,95
3154,2022-12-20,90
3155,2022-12-21,70
3156,2022-12-22,50
3157,2022-12-23,70
3158,2022-12-24,87
3159,2022-12-25,85
3160,2022-12-26,35
3161,2022-12-27,85
3162,2022-12-28,90
3163,2022-12-29,85
3164,2022-12-30,73
3165,2022-12-31,85
3166,2023-01-01,61
3167,2023-01-02,75
3168,2023-01-03,100
3169,2023-01-04,90
3170,2023-01-05,60
3171,2023-01-06,55
3172,2023-01-07,87
3173,2023-01-08,80
3174,2023-01-09,90
3175,2023-01-10,90
3176,2023-01-11,85
3177,2023-01-12,85
3178,2023-01-13,75
3179,2023-01-15,40
3180,2023-01-16,70
3181,2023-01-17,85
3182,2023-01-18,20
3183,2023-01-19,80
3184,2023-01-20,90
3185,2023-01-21,90
3186,2023-01-22,79
3187,2023-01-23,40
3188,2023-01-24,90
3189,2023-01-25,80
3190,2023-01-26,90
3191,2023-01-27,70
3192,2023-01-28,75
3193,2023-01-30,75
3194,2023-01-31,90
3195,2023-02-01,75
3196,2023-02-02,85
3197,2023-02-03,85
3198,2023-02-06,78
3199,2023-02-07,80
3200,2023-02-08,75
3201,2023-02-09,71
3202,2023-02-10,70
3203,2023-02-11,60
3204,2023-02-12,94
3205,2023-02-13,95
3206,2023-02-14,80
3207,2023-02-15,85
3208,2023-02-16,60
3209,2023-02-17,85
3210,2023-02-18,65
3211,2023-02-19,70
3212,2023-02-20,85
3213,2023-02-21,90
3214,2023-02-22,75
3215,2023-02-23,70
3216,2023-02-24,92
3217,2023-02-25,90
3218,2023-02-26,90
3219,2023-02-27,90
3220,2023-02-28,80
3221,2023-03-01,85
3222,2023-03-02,85
3223,2023-03-03,80
3224,2023-03-05,80
3225,2023-03-06,80
3226,2023-03-07,87
3227,2023-03-08,85
3228,2023-03-09,90
3229,2023-03-10,20
3230,2023-03-11,85
3231,2023-03-12,85
3232,2023-03-13,60
3233,2023-03-14,75
3234,2023-03-15,80
3235,2023-03-16,95
3236,2023-03-17,85
3237,2023-03-18,85
3238,2023-03-19,85
3239,2023-03-20,75
3240,2023-03-21,90
3241,2023-03-22,85
3242,2023-03-23,75
3243,2023-03-24,80
3244,2023-03-25,35
3245,2023-03-26,20
3246,2023-03-27,85
3247,2023-03-28,90
3248,2023-03-29,75
3249,2023-03-30,70
3250,2023-03-31,75
3251,2023-04-01,55
3252,2023-04-02,85
3253,2023-04-03,85
3254,2023-04-04,78
3255,2023-04-05,84
3256,2023-04-06,60
3257,2023-04-07,70
3258,2023-04-08,70
3259,2023-04-09,80
3260,2023-04-10,85
3261,2023-04-11,85
3262,2023-04-12,30
3263,2023-04-13,70
3264,2023-04-14,80
3265,2023-04-15,80
3266,2023-04-17,76
3267,2023-04-18,80
3268,2023-04-19,62
3269,2023-04-20,85
3270,2023-04-21,90
3271,2023-04-24,80
3272,2023-04-25,80
3273,2023-04-26,80
3274,2023-04-27,75
3275,2023-04-28,78
3276,2023-04-29,88
3277,2023-04-30,75
3278,2023-05-01,90
3279,2023-05-02,64
3280,2023-05-03,90
3281,2023-05-04,85
3282,2023-05-05,91
3283,2023-05-06,75
3284,2023-05-08,75
3285,2023-05-09,70
3286,2023-05-10,85
3287,2023-05-11,50
3288,2023-05-12,75
3289,2023-05-14,90
3290,2023-05-15,80
3291,2023-05-16,70
3292,2023-05-17,50
3293,2023-05-18,90
3294,2023-05-19,58
3295,2023-05-21,70
3296,2023-05-22,50
3297,2023-05-23,80
3298,2023-05-24,85
3299,2023-05-25,75
3300,2023-05-26,85
3301,2023-05-27,97
3302,2023-05-28,85
3303,2023-05-29,90
3304,2023-05-30,70
3305,2023-05-31,90
3306,2023-06-01,90
3307,2023-06-02,70
3308,2023-06-03,65
3309,2023-06-05,40
3310,2023-06-06,70
3311,2023-06-07,20
3312,2023-06-08,85
3313,2023-06-09,60
3314,2023-06-10,70
3315,2023-06-11,92
3316,2023-06-12,90
3317,2023-06-13,85
3318,2023-06-14,75
3319,2023-06-15,80
3320,2023-06-16,90
3321,2023-06-17,70
3322,2023-06-18,75
3323,2023-06-19,30
3324,2023-06-20,85
3325,2023-06-21,85
3326,2023-06-22,11
3327,2023-06-23,75
3328,2023-06-24,70
3329,2023-06-26,80
3330,2023-06-27,65
3331,2023-06-28,70
3332,2023-06-29,60
3333,2023-06-30,80
3334,2023-07-01,72
3335,2023-07-02,75
3336,2023-07-03,87
3337,2023-07-04,75
3338,2023-07-05,70
3339,2023-07-06,80
3340,2023-07-07,85
3341,2023-07-10,80
3342,2023-07-11,70
3343,2023-07-12,68
3344,2023-07-13,70
3345,2023-07-14,90
3346,2023-07-16,90
3347,2023-07-17,70
3348,2023-07-18,90
3349,2023-07-19,85
3350,2023-07-20,95
3351,2023-07-21,25
3352,2023-07-22,20
3353,2023-07-24,55
3354,2023-07-25,70
3355,2023-07-26,75
3356,2023-07-27,50
3357,2023-07-28,80
3358,2023-07-29,82
3359,2023-07-31,70
3360,2023-08-01,74
3361,2023-08-02,45
3362,2023-08-03,20
3363,2023-08-04,75
3364,2023-08-07,90
3365,2023-08-08,85
3366,2023-08-09,60
3367,2023-08-10,90
3368,2023-08-11,70
3369,2023-08-14,90
3370,2023-08-15,82
3371,2023-08-16,70
3372,2023-08-17,75
3373,2023-08-18,53
3374,2023-08-21,85
3375,2023-08-22,92
3376,2023-08-23,75
3377,2023-08-24,85
3378,2023-08-25,90
3379,2023-08-27,90
3380,2023-08-28,90
3381,2023-08-29,83
3382,2023-08-30,70
3383,2023-08-31,90
3384,2023-09-01,70
3385,2023-09-02,15
3386,2023-09-03,75
3387,2023-09-04,52
3388,2023-09-05,90
3389,2023-09-06,40
3390,2023-09-07,90
3391,2023-09-08,75
3392,2023-09-09,45
3393,2023-09-11,70
3394,2023-09-12,40
3395,2023-09-13,95
3396,2023-09-14,90
3397,2023-09-15,80
3398,2023-09-18,85
3399,2023-09-19,5
3400,2023-09-20,85
3401,2023-09-21,90
3402,2023-09-22,90
3403,2023-09-23,88
3404,2023-09-25,90
3405,2023-09-26,83
3406,2023-09-27,85
3407,2023-09-28,85
3408,2023-09-29,75
3409,2023-10-01,75
3410,2023-10-02,85
3411,2023-10-03,80
3412,2023-10-04,85
3413,2023-10-05,70
3414,2023-10-06,95
3415,2023-10-08,90
3416,2023-10-09,85
3417,2023-10-10,85
3418,2023-10-11,20
3419,2023-10-12,90
3420,2023-10-13,85
3421,2023-10-14,75
3422,2023-10-16,85
3423,2023-10-17,73
3424,2023-10-18,85
3425,2023-10-19,70
3426,2023-10-20,85
3427,2023-10-21,85
3428,2023-10-22,80
3429,2023-10-23,80
3430,2023-10-24,95
3431,2023-10-25,85
3432,2023-10-26,75
3433,2023-10-27,90
3434,2023-10-28,80
3435,2023-10-30,90
3436,2023-10-31,89
3437,2023-11-01,70
3438,2023-11-02,90
3439,2023-11-03,80
3440,2023-11-04,90
3441,2023-11-05,30
3442,2023-11-06,80
3443,2023-11-07,95
3444,2023-11-08,85
3445,2023-11-09,85
3446,2023-11-10,85
3447,2023-11-11,20
3448,2023-11-12,35
3449,2023-11-13,82
3450,2023-11-14,80
3451,2023-11-15,90
3452,2023-11-16,15
3453,2023-11-17,85
3454,2023-11-18,70
3455,2023-11-20,90
3456,2023-11-21,85
3457,2023-11-22,80
3458,2023-11-23,75
3459,2023-11-24,90
3460,2023-11-25,70
3461,2023-11-26,70
3462,2023-11-27,90
3463,2023-11-28,75
3464,2023-11-29,95
3465,2023-11-30,85
3466,2023-12-01,70
3467,2023-12-03,75
3468,2023-12-04,90
3469,2023-12-05,80
3470,2023-12-06,75
3471,2023-12-07,70
3472,2023-12-08,85
3473,2023-12-10,87
3474,2023-12-11,90
3475,2023-12-12,80
3476,2023-12-13,85
3477,2023-12-14,85
3478,2023-12-15,65
3479,2023-12-16,50
3480,2023-12-17,90
3481,2023-12-18,90
3482,2023-12-19,85
3483,2023-12-20,90
3484,2023-12-21,20
3485,2023-12-22,90
3486,2023-12-23,50
3487,2023-12-24,60
3488,2023-12-25,100
3489,2023-12-26,95
3490,2023-12-27,60
3491,2023-12-28,78
3492,2023-12-29,80
3493,2023-12-30,82
3494,2023-12-31,70
3495,2024-01-01,95
