Date,Sentiment
2014-01-01,70
2014-02-09,60
2014-03-19,70
2014-04-17,65
2014-04-25,65
2014-04-26,75
2014-05-07,62
2014-05-19,76
2014-06-17,70
2014-08-11,70
2014-09-18,75
2014-10-24,65
2014-12-17,10
2015-01-27,60
2015-02-11,85
2015-04-01,10
2015-04-14,75
2015-04-21,75
2015-04-22,75
2015-05-17,85
2015-05-21,85
2015-05-28,70
2015-05-29,50
2015-07-13,85
2015-07-14,70
2015-07-15,30
2015-07-17,20
2015-07-20,80
2015-07-21,90
2015-07-22,72
2015-07-23,10
2015-07-28,70
2015-07-29,65
2015-07-30,90
2015-08-02,57
2015-08-05,65
2015-08-22,70
2015-09-15,70
2015-10-01,65
2015-10-08,70
2015-10-10,73
2015-10-13,10
2015-10-22,35
2015-10-23,45
2015-10-24,30
2015-10-27,85
2015-10-28,70
2015-11-04,45
2015-11-07,75
2015-12-01,70
2015-12-06,80
2016-01-14,70
2016-01-25,10
2016-01-29,65
2016-02-11,75
2016-02-14,90
2016-02-18,65
2016-03-15,35
2016-03-18,75
2016-03-28,75
2016-04-04,65
2016-04-06,70
2016-04-22,20
2016-04-26,80
2016-04-27,70
2016-05-02,63
2016-05-08,70
2016-05-12,45
2016-05-19,60
2016-05-27,88
2016-06-02,70
2016-06-09,10
2016-06-14,75
2016-06-15,75
2016-06-20,60
2016-06-21,65
2016-06-22,65
2016-06-23,67
2016-06-30,60
2016-07-10,15
2016-07-13,75
2016-07-19,70
2016-07-20,72
2016-07-22,70
2016-07-23,40
2016-08-25,65
2016-09-08,10
2016-09-09,85
2016-09-12,65
2016-09-21,88
2016-09-27,92
2016-10-04,70
2016-10-06,70
2016-10-18,20
2016-10-19,75
2016-10-20,65
2016-10-21,75
2016-10-22,75
2016-10-27,25
2016-10-28,85
2016-11-04,55
2016-11-08,70
2016-11-10,20
2016-11-21,25
2016-11-23,70
2016-12-02,10
2016-12-06,35
2016-12-21,80
2017-01-09,76
2017-01-13,65
2017-01-19,93
2017-01-23,90
2017-01-25,10
2017-01-26,68
2017-01-27,70
2017-01-28,20
2017-02-15,20
2017-02-24,72
2017-03-01,70
2017-03-02,73
2017-03-10,37
2017-03-14,10
2017-03-15,75
2017-03-23,60
2017-04-03,65
2017-04-05,60
2017-04-11,30
2017-04-15,65
2017-04-19,40
2017-04-20,30
2017-04-25,60
2017-04-26,70
2017-04-27,35
2017-04-28,60
2017-05-01,84
2017-05-02,20
2017-05-03,75
2017-05-04,30
2017-05-05,35
2017-05-08,75
2017-05-11,85
2017-05-13,20
2017-05-14,60
2017-05-15,75
2017-05-16,50
2017-05-19,65
2017-05-22,78
2017-05-26,75
2017-06-01,80
2017-06-05,65
2017-06-06,60
2017-06-09,67
2017-06-10,60
2017-06-12,61
2017-06-16,40
2017-06-17,65
2017-06-18,85
2017-06-21,70
2017-06-25,58
2017-06-28,72
2017-07-04,20
2017-07-11,70
2017-07-14,70
2017-07-15,70
2017-07-18,35
2017-07-19,70
2017-07-20,65
2017-07-21,85
2017-07-22,60
2017-07-24,75
2017-08-01,65
2017-08-02,55
2017-08-03,70
2017-08-10,75
2017-08-15,35
2017-08-29,60
2017-09-16,35
2017-09-26,72
2017-10-03,70
2017-10-06,65
2017-10-12,70
2017-10-13,65
2017-10-17,80
2017-10-19,60
2017-10-21,90
2017-10-24,10
2017-10-25,5
2017-10-27,64
2017-10-30,50
2017-11-01,75
2017-11-07,75
2017-11-09,72
2017-11-11,80
2017-11-18,85
2017-11-21,85
2017-11-22,30
2017-11-29,75
2017-12-06,10
2017-12-11,10
2017-12-15,70
2017-12-26,20
2017-12-27,75
2018-01-09,60
2018-01-12,75
2018-01-13,65
2018-01-20,55
2018-01-23,75
2018-01-25,85
2018-01-27,75
2018-01-29,75
2018-01-30,70
2018-01-31,35
2018-02-01,85
2018-02-02,75
2018-02-03,60
2018-02-04,85
2018-02-05,70
2018-02-07,75
2018-02-09,70
2018-02-10,70
2018-02-18,95
2018-02-23,20
2018-02-25,75
2018-02-28,65
2018-03-02,20
2018-03-08,60
2018-03-09,10
2018-03-12,75
2018-03-13,30
2018-03-14,72
2018-03-15,35
2018-03-17,65
2018-03-19,75
2018-03-21,73
2018-03-22,65
2018-03-24,65
2018-03-27,80
2018-03-28,70
2018-03-29,80
2018-03-30,35
2018-04-01,70
2018-04-03,70
2018-04-04,65
2018-04-05,90
2018-04-10,35
2018-04-11,60
2018-04-19,55
2018-04-20,35
2018-04-21,60
2018-04-25,70
2018-04-26,70
2018-04-27,60
2018-04-28,70
2018-04-29,65
2018-04-30,42
2018-05-01,25
2018-05-02,50
2018-05-03,75
2018-05-04,75
2018-05-10,70
2018-05-12,45
2018-05-13,75
2018-05-14,70
2018-05-16,30
2018-05-24,65
2018-05-25,85
2018-05-26,25
2018-05-29,20
2018-05-31,65
2018-06-01,55
2018-06-02,35
2018-06-04,50
2018-06-05,75
2018-06-06,45
2018-06-07,75
2018-06-10,50
2018-06-11,72
2018-06-14,60
2018-06-15,10
2018-06-16,20
2018-06-19,70
2018-06-20,70
2018-06-21,20
2018-06-22,70
2018-06-23,80
2018-06-24,85
2018-06-25,65
2018-06-26,60
2018-06-27,25
2018-06-28,75
2018-06-29,82
2018-06-30,83
2018-07-02,75
2018-07-05,60
2018-07-10,60
2018-07-13,60
2018-07-14,62
2018-07-16,60
2018-07-17,65
2018-07-18,68
2018-07-19,75
2018-07-20,67
2018-07-21,85
2018-07-23,85
2018-07-24,70
2018-07-26,70
2018-07-27,85
2018-07-28,82
2018-07-29,75
2018-07-30,20
2018-07-31,70
2018-08-01,35
2018-08-02,20
2018-08-03,60
2018-08-07,35
2018-08-08,45
2018-08-09,72
2018-08-11,89
2018-08-14,35
2018-08-15,5
2018-08-16,53
2018-08-17,70
2018-08-18,55
2018-08-19,75
2018-08-20,65
2018-08-21,65
2018-08-22,65
2018-08-24,75
2018-08-25,25
2018-08-28,60
2018-08-29,70
2018-08-30,70
2018-08-31,62
2018-09-01,75
2018-09-02,60
2018-09-04,80
2018-09-06,25
2018-09-09,83
2018-09-10,20
2018-09-12,55
2018-09-13,20
2018-09-14,37
2018-09-16,65
2018-09-17,65
2018-09-18,40
2018-09-19,73
2018-09-20,50
2018-09-22,35
2018-09-23,60
2018-09-24,70
2018-09-25,75
2018-09-26,75
2018-09-27,75
2018-09-28,73
2018-10-01,85
2018-10-02,78
2018-10-03,85
2018-10-04,85
2018-10-05,85
2018-10-06,70
2018-10-08,70
2018-10-09,75
2018-10-10,80
2018-10-11,75
2018-10-12,65
2018-10-13,70
2018-10-16,50
2018-10-17,75
2018-10-18,70
2018-10-19,60
2018-10-20,65
2018-10-21,65
2018-10-22,60
2018-10-24,65
2018-10-25,75
2018-10-26,80
2018-10-30,60
2018-10-31,50
2018-11-02,45
2018-11-03,65
2018-11-06,30
2018-11-07,20
2018-11-09,70
2018-11-12,60
2018-11-15,70
2018-11-16,70
2018-11-20,60
2018-11-26,79
2018-11-28,75
2018-12-01,70
2018-12-05,75
2018-12-08,62
2018-12-14,70
2018-12-21,45
2018-12-22,20
2018-12-24,35
2018-12-26,20
2018-12-27,90
2018-12-28,85
2018-12-29,50
2019-01-03,20
2019-01-08,70
2019-01-09,72
2019-01-11,20
2019-01-14,74
2019-01-15,87
2019-01-16,80
2019-01-17,75
2019-01-19,70
2019-01-21,75
2019-01-22,75
2019-01-23,60
2019-01-24,86
2019-01-25,80
2019-01-26,70
2019-01-27,90
2019-01-28,85
2019-01-29,70
2019-01-30,10
2019-01-31,60
2019-02-01,70
2019-02-04,15
2019-02-07,70
2019-02-10,10
2019-02-11,65
2019-02-16,80
2019-02-20,75
2019-02-21,30
2019-03-02,85
2019-03-09,70
2019-03-12,70
2019-03-17,70
2019-03-20,70
2019-03-22,30
2019-03-24,60
2019-03-25,58
2019-04-02,20
2019-04-08,80
2019-04-13,75
2019-04-15,75
2019-04-19,70
2019-04-21,90
2019-04-22,80
2019-04-23,75
2019-04-24,70
2019-04-25,70
2019-04-27,25
2019-04-28,30
2019-04-29,85
2019-05-01,10
2019-05-02,10
2019-05-03,45
2019-05-04,75
2019-05-06,92
2019-05-08,65
2019-05-15,83
2019-05-16,85
2019-05-17,75
2019-05-18,70
2019-05-19,70
2019-05-24,53
2019-06-05,73
2019-06-06,55
2019-06-08,80
2019-06-09,85
2019-06-10,70
2019-06-15,65
2019-06-18,80
2019-06-20,30
2019-06-24,60
2019-06-25,85
2019-06-26,20
2019-06-29,50
2019-06-30,87
2019-07-01,65
2019-07-03,65
2019-07-07,91
2019-07-08,65
2019-07-10,35
2019-07-14,75
2019-07-15,59
2019-07-16,60
2019-07-17,60
2019-07-18,67
2019-07-19,74
2019-07-20,72
2019-07-21,60
2019-07-22,73
2019-07-23,72
2019-07-24,75
2019-07-26,50
2019-07-28,61
2019-07-29,60
2019-07-30,85
2019-07-31,60
2019-08-01,30
2019-08-02,25
2019-08-04,70
2019-08-05,75
2019-08-06,75
2019-08-07,50
2019-08-09,5
2019-08-10,75
2019-08-11,65
2019-08-15,60
2019-08-16,75
2019-08-18,75
2019-08-19,75
2019-08-20,70
2019-08-21,63
2019-08-23,75
2019-08-26,80
2019-08-28,87
2019-08-29,70
2019-08-30,75
2019-08-31,30
2019-09-01,60
2019-09-06,10
2019-09-07,30
2019-09-08,65
2019-09-10,65
2019-09-11,70
2019-09-12,38
2019-09-17,90
2019-09-18,75
2019-09-19,65
2019-09-20,70
2019-09-21,60
2019-09-23,65
2019-09-24,35
2019-09-25,70
2019-09-26,75
2019-09-29,90
2019-10-01,70
2019-10-02,45
2019-10-03,35
2019-10-04,72
2019-10-07,68
2019-10-13,65
2019-10-14,60
2019-10-20,75
2019-10-21,20
2019-10-22,75
2019-10-23,65
2019-10-24,58
2019-10-25,85
2019-10-26,75
2019-10-27,85
2019-10-28,50
2019-10-29,62
2019-10-30,72
2019-10-31,10
2019-11-02,85
2019-11-06,70
2019-11-07,65
2019-11-09,75
2019-11-11,60
2019-11-13,40
2019-11-15,85
2019-11-16,75
2019-11-18,65
2019-11-19,55
2019-11-20,25
2019-11-21,54
2019-11-22,75
2019-11-23,70
2019-11-24,75
2019-11-27,50
2019-11-28,30
2019-12-01,90
2019-12-03,60
2019-12-04,70
2019-12-05,74
2019-12-07,70
2019-12-09,35
2019-12-10,40
2019-12-12,75
2019-12-14,70
2019-12-15,70
2019-12-16,60
2019-12-17,72
2019-12-18,65
2019-12-19,85
2019-12-21,73
2019-12-22,60
2019-12-26,75
2019-12-28,75
2019-12-29,70
2019-12-31,10
2020-01-02,85
2020-01-03,70
2020-01-04,65
2020-01-06,50
2020-01-07,85
2020-01-08,50
2020-01-09,74
2020-01-10,70
2020-01-11,70
2020-01-14,70
2020-01-15,92
2020-01-16,65
2020-01-17,70
2020-01-18,73
2020-01-19,70
2020-01-20,75
2020-01-21,72
2020-01-22,45
2020-01-23,70
2020-01-24,82
2020-01-25,75
2020-01-26,80
2020-01-27,70
2020-01-28,65
2020-01-29,65
2020-01-30,70
2020-01-31,65
2020-02-01,60
2020-02-02,80
2020-02-03,85
2020-02-04,70
2020-02-05,64
2020-02-06,55
2020-02-07,65
2020-02-08,65
2020-02-09,75
2020-02-10,50
2020-02-11,75
2020-02-12,35
2020-02-13,75
2020-02-14,74
2020-02-15,69
2020-02-16,53
2020-02-17,64
2020-02-18,70
2020-02-19,63
2020-02-20,70
2020-02-21,64
2020-02-22,65
2020-02-23,60
2020-02-24,40
2020-02-25,42
2020-02-26,50
2020-02-27,68
2020-02-28,5
2020-02-29,65
2020-03-01,65
2020-03-02,73
2020-03-03,60
2020-03-04,20
2020-03-05,72
2020-03-06,10
2020-03-07,60
2020-03-08,65
2020-03-09,70
2020-03-10,75
2020-03-11,20
2020-03-12,75
2020-03-13,45
2020-03-14,75
2020-03-15,63
2020-03-16,50
2020-03-17,75
2020-03-18,38
2020-03-19,74
2020-03-20,68
2020-03-21,20
2020-03-22,32
2020-03-23,75
2020-03-24,70
2020-03-25,35
2020-03-26,45
2020-03-27,70
2020-03-28,62
2020-03-29,70
2020-03-30,60
2020-03-31,68
2020-04-01,48
2020-04-02,10
2020-04-03,62
2020-04-04,50
2020-04-05,63
2020-04-06,34
2020-04-07,38
2020-04-08,75
2020-04-09,72
2020-04-10,77
2020-04-11,60
2020-04-12,20
2020-04-13,45
2020-04-14,60
2020-04-15,72
2020-04-16,71
2020-04-17,70
2020-04-18,74
2020-04-19,79
2020-04-20,87
2020-04-21,63
2020-04-22,65
2020-04-23,65
2020-04-24,13
2020-04-25,80
2020-04-26,30
2020-04-27,85
2020-04-28,38
2020-04-29,73
2020-04-30,74
2020-05-01,45
2020-05-02,75
2020-05-04,75
2020-05-05,75
2020-05-06,57
2020-05-07,64
2020-05-08,85
2020-05-09,75
2020-05-11,76
2020-05-12,75
2020-05-13,78
2020-05-14,80
2020-05-15,60
2020-05-16,55
2020-05-17,75
2020-05-18,83
2020-05-19,75
2020-05-20,70
2020-05-21,77
2020-05-22,60
2020-05-23,25
2020-05-25,75
2020-05-26,70
2020-05-27,25
2020-05-28,48
2020-05-29,75
2020-05-30,10
2020-05-31,20
2020-06-01,55
2020-06-02,74
2020-06-03,90
2020-06-04,90
2020-06-05,73
2020-06-06,55
2020-06-08,60
2020-06-09,63
2020-06-10,50
2020-06-11,75
2020-06-12,60
2020-06-13,85
2020-06-15,65
2020-06-16,60
2020-06-17,75
2020-06-18,75
2020-06-19,75
2020-06-20,58
2020-06-21,25
2020-06-22,88
2020-06-23,50
2020-06-24,70
2020-06-25,70
2020-06-26,68
2020-06-27,65
2020-06-28,87
2020-06-29,70
2020-06-30,70
2020-07-01,75
2020-07-02,70
2020-07-03,60
2020-07-04,52
2020-07-05,80
2020-07-06,72
2020-07-07,75
2020-07-08,65
2020-07-09,90
2020-07-10,65
2020-07-11,75
2020-07-12,89
2020-07-13,65
2020-07-14,45
2020-07-15,60
2020-07-16,75
2020-07-17,70
2020-07-18,70
2020-07-19,80
2020-07-20,15
2020-07-21,63
2020-07-22,88
2020-07-23,73
2020-07-24,73
2020-07-25,68
2020-07-26,85
2020-07-27,70
2020-07-28,70
2020-07-29,60
2020-07-30,55
2020-07-31,78
2020-08-01,79
2020-08-02,78
2020-08-03,60
2020-08-04,75
2020-08-05,85
2020-08-06,75
2020-08-07,61
2020-08-08,72
2020-08-09,40
2020-08-10,70
2020-08-11,50
2020-08-12,20
2020-08-13,60
2020-08-14,70
2020-08-15,60
2020-08-16,55
2020-08-17,72
2020-08-18,85
2020-08-19,65
2020-08-20,73
2020-08-21,85
2020-08-22,55
2020-08-23,70
2020-08-24,85
2020-08-25,60
2020-08-26,75
2020-08-27,75
2020-08-28,75
2020-08-29,72
2020-08-30,50
2020-08-31,70
2020-09-01,70
2020-09-02,54
2020-09-03,69
2020-09-04,65
2020-09-05,60
2020-09-06,75
2020-09-07,75
2020-09-08,89
2020-09-09,64
2020-09-10,60
2020-09-11,68
2020-09-12,75
2020-09-13,65
2020-09-14,72
2020-09-15,60
2020-09-16,53
2020-09-17,65
2020-09-19,75
2020-09-20,20
2020-09-21,85
2020-09-22,70
2020-09-23,65
2020-09-24,75
2020-09-25,70
2020-09-26,70
2020-09-27,85
2020-09-28,10
2020-09-29,10
2020-09-30,78
2020-10-01,62
2020-10-03,75
2020-10-04,35
2020-10-05,78
2020-10-06,72
2020-10-07,80
2020-10-08,10
2020-10-09,64
2020-10-10,75
2020-10-11,63
2020-10-12,62
2020-10-13,65
2020-10-14,70
2020-10-15,49
2020-10-16,70
2020-10-17,76
2020-10-18,40
2020-10-19,65
2020-10-20,55
2020-10-21,70
2020-10-22,93
2020-10-23,75
2020-10-24,80
2020-10-25,80
2020-10-26,45
2020-10-27,60
2020-10-28,71
2020-10-29,75
2020-10-30,60
2020-10-31,80
2020-11-01,65
2020-11-02,86
2020-11-03,55
2020-11-05,65
2020-11-06,75
2020-11-10,80
2020-11-11,60
2020-11-12,72
2020-11-13,85
2020-11-14,75
2020-11-15,70
2020-11-16,65
2020-11-17,75
2020-11-18,68
2020-11-19,70
2020-11-20,65
2020-11-21,70
2020-11-22,70
2020-11-23,60
2020-11-24,32
2020-11-25,85
2020-11-26,75
2020-11-27,70
2020-11-28,75
2020-11-29,65
2020-11-30,90
2020-12-01,85
2020-12-02,59
2020-12-03,72
2020-12-04,78
2020-12-05,30
2020-12-06,65
2020-12-08,60
2020-12-09,85
2020-12-10,85
2020-12-11,75
2020-12-12,85
2020-12-13,92
2020-12-14,75
2020-12-15,70
2020-12-16,85
2020-12-17,87
2020-12-18,75
2020-12-19,45
2020-12-20,75
2020-12-21,90
2020-12-22,85
2020-12-23,90
2020-12-24,65
2020-12-25,20
2020-12-26,72
2020-12-27,80
2020-12-28,79
2020-12-29,70
2020-12-30,75
2020-12-31,79
2021-01-01,75
2021-01-02,75
2021-01-03,82
2021-01-04,80
2021-01-05,78
2021-01-06,75
2021-01-07,81
2021-01-08,86
2021-01-09,94
2021-01-12,69
2021-01-13,80
2021-01-14,75
2021-01-15,85
2021-01-17,80
2021-01-18,25
2021-01-19,87
2021-01-20,75
2021-01-21,65
2021-01-22,95
2021-01-23,60
2021-01-24,81
2021-01-25,70
2021-01-26,70
2021-01-27,60
2021-01-28,75
2021-01-29,60
2021-01-30,78
2021-01-31,63
2021-02-01,80
2021-02-02,85
2021-02-03,70
2021-02-04,70
2021-02-05,65
2021-02-06,65
2021-02-07,85
2021-02-08,85
2021-02-09,85
2021-02-10,60
2021-02-11,70
2021-02-12,85
2021-02-13,80
2021-02-14,70
2021-02-15,60
2021-02-16,75
2021-02-17,90
2021-02-18,45
2021-02-19,65
2021-02-20,72
2021-02-22,50
2021-02-23,75
2021-02-24,84
2021-02-25,70
2021-02-27,75
2021-02-28,91
2021-03-01,94
2021-03-03,84
2021-03-04,70
2021-03-05,70
2021-03-06,74
2021-03-07,60
2021-03-08,70
2021-03-09,75
2021-03-10,70
2021-03-11,40
2021-03-12,83
2021-03-13,85
2021-03-14,69
2021-03-15,86
2021-03-16,85
2021-03-17,70
2021-03-18,70
2021-03-21,89
2021-03-22,79
2021-03-23,62
2021-03-24,78
2021-03-25,65
2021-03-29,70
2021-03-31,79
2021-04-01,85
2021-04-02,40
2021-04-03,90
2021-04-04,52
2021-04-05,86
2021-04-06,70
2021-04-09,79
2021-04-11,75
2021-04-12,85
2021-04-13,25
2021-04-14,75
2021-04-16,80
2021-04-17,80
2021-04-19,50
2021-04-20,80
2021-04-21,65
2021-04-23,60
2021-04-24,75
2021-04-25,73
2021-04-26,85
2021-04-27,75
2021-04-28,75
2021-04-29,75
2021-04-30,89
2021-05-01,72
2021-05-03,92
2021-05-04,85
2021-05-05,63
2021-05-06,59
2021-05-07,75
2021-05-08,90
2021-05-10,75
2021-05-11,90
2021-05-12,94
2021-05-13,72
2021-05-15,75
2021-05-16,90
2021-05-18,5
2021-05-20,45
2021-05-21,65
2021-05-23,70
2021-05-26,80
2021-05-27,75
2021-05-28,65
2021-05-29,75
2021-05-30,70
2021-05-31,75
2021-06-02,60
2021-06-03,75
2021-06-04,65
2021-06-05,60
2021-06-06,85
2021-06-07,65
2021-06-08,75
2021-06-09,85
2021-06-10,70
2021-06-11,75
2021-06-12,75
2021-06-13,71
2021-06-14,74
2021-06-15,80
2021-06-16,75
2021-06-18,75
2021-06-19,54
2021-06-20,76
2021-06-21,55
2021-06-22,90
2021-06-23,85
2021-06-24,82
2021-06-25,75
2021-06-28,80
2021-06-29,84
2021-06-30,75
2021-07-01,90
2021-07-02,60
2021-07-03,65
2021-07-04,85
2021-07-05,80
2021-07-06,70
2021-07-07,15
2021-07-08,80
2021-07-09,75
2021-07-11,92
2021-07-13,95
2021-07-14,89
2021-07-15,85
2021-07-16,78
2021-07-17,85
2021-07-19,5
2021-07-21,65
2021-07-22,20
2021-07-23,32
2021-07-24,75
2021-07-25,32
2021-07-26,75
2021-07-27,60
2021-07-28,67
2021-07-29,75
2021-07-31,90
2021-08-01,50
2021-08-05,60
2021-08-06,85
2021-08-08,85
2021-08-09,65
2021-08-10,75
2021-08-11,65
2021-08-13,75
2021-08-14,85
2021-08-15,20
2021-08-19,15
2021-08-20,80
2021-08-21,75
2021-08-22,90
2021-08-24,80
2021-08-25,82
2021-08-27,65
2021-08-28,70
2021-08-31,72
2021-09-02,65
2021-09-06,58
2021-09-07,79
2021-09-09,70
2021-09-10,95
2021-09-11,65
2021-09-13,80
2021-09-14,90
2021-09-15,90
2021-09-16,82
2021-09-17,86
2021-09-20,87
2021-09-21,75
2021-09-22,75
2021-09-23,90
2021-09-24,40
2021-09-27,85
2021-09-28,86
2021-09-29,72
2021-10-03,78
2021-10-06,65
2021-10-13,87
2021-10-14,75
2021-10-15,85
2021-10-17,70
2021-10-19,85
2021-10-22,65
2021-10-23,75
2021-10-25,75
2021-10-26,85
2021-10-27,75
2021-10-28,60
2021-10-29,30
2021-10-30,10
2021-11-02,72
2021-11-03,55
2021-11-04,93
2021-11-05,70
2021-11-09,91
2021-11-10,85
2021-11-11,70
2021-11-12,65
2021-11-13,70
2021-11-16,72
2021-11-17,30
2021-11-18,70
2021-11-19,75
2021-11-20,70
2021-11-21,75
2021-11-22,60
2021-11-23,20
2021-11-24,75
2021-11-25,90
2021-11-28,55
2021-11-30,50
2021-12-02,90
2021-12-03,75
2021-12-06,40
2021-12-07,75
2021-12-08,62
2021-12-09,75
2021-12-10,45
2021-12-11,85
2021-12-13,2
2021-12-15,20
2021-12-16,40
2021-12-17,20
2021-12-20,65
2021-12-23,70
2021-12-24,85
2021-12-28,91
2021-12-29,80
2021-12-31,45
2022-01-03,55
2022-01-04,65
2022-01-05,70
2022-01-06,80
2022-01-07,90
2022-01-08,40
2022-01-09,65
2022-01-10,70
2022-01-11,75
2022-01-12,85
2022-01-13,70
2022-01-14,35
2022-01-15,73
2022-01-17,85
2022-01-18,70
2022-01-19,80
2022-01-20,65
2022-01-21,75
2022-01-22,54
2022-01-23,30
2022-01-24,85
2022-01-25,60
2022-01-26,25
2022-01-27,80
2022-01-28,70
2022-01-29,65
2022-01-31,74
2022-02-01,45
2022-02-02,50
2022-02-03,40
2022-02-04,80
2022-02-05,75
2022-02-07,85
2022-02-08,60
2022-02-09,85
2022-02-10,85
2022-02-12,75
2022-02-16,70
2022-02-17,80
2022-02-18,39
2022-02-19,80
2022-02-20,85
2022-02-21,50
2022-02-22,80
2022-02-24,35
2022-02-25,60
2022-02-26,85
2022-02-28,85
2022-03-01,78
2022-03-03,85
2022-03-04,90
2022-03-05,30
2022-03-09,20
2022-03-10,70
2022-03-11,55
2022-03-13,60
2022-03-16,75
2022-03-18,75
2022-03-21,90
2022-03-23,75
2022-03-26,1
2022-03-29,30
2022-03-30,80
2022-03-31,75
2022-04-01,25
2022-04-03,60
2022-04-09,90
2022-04-11,70
2022-04-12,65
2022-04-13,35
2022-04-14,80
2022-04-15,68
2022-04-19,25
2022-04-20,72
2022-04-21,75
2022-04-22,71
2022-04-23,68
2022-04-24,75
2022-04-25,75
2022-04-26,60
2022-04-27,90
2022-04-28,75
2022-04-29,45
2022-04-30,40
2022-05-01,60
2022-05-02,65
2022-05-05,90
2022-05-08,49
2022-05-10,70
2022-05-11,10
2022-05-12,70
2022-05-13,20
2022-05-16,65
2022-05-20,50
2022-05-23,10
2022-05-24,75
2022-05-25,75
2022-05-27,82
2022-05-28,65
2022-06-02,40
2022-06-03,70
2022-06-04,58
2022-06-07,60
2022-06-09,64
2022-06-10,80
2022-06-12,75
2022-06-13,68
2022-06-14,70
2022-06-15,65
2022-06-17,40
2022-06-18,80
2022-06-22,92
2022-06-27,90
2022-07-01,49
2022-07-04,75
2022-07-05,80
2022-07-06,60
2022-07-09,60
2022-07-10,35
2022-07-11,64
2022-07-12,65
2022-07-13,72
2022-07-14,60
2022-07-15,60
2022-07-16,65
2022-07-17,60
2022-07-18,72
2022-07-19,70
2022-07-20,85
2022-07-21,50
2022-07-22,37
2022-07-23,58
2022-07-24,85
2022-07-25,22
2022-07-26,58
2022-07-27,35
2022-07-28,75
2022-07-29,80
2022-07-31,80
2022-08-01,75
2022-08-02,65
2022-08-03,25
2022-08-04,70
2022-08-08,45
2022-08-09,70
2022-08-10,45
2022-08-11,80
2022-08-12,75
2022-08-14,80
2022-08-15,80
2022-08-16,62
2022-08-17,72
2022-08-18,55
2022-08-19,70
2022-08-20,32
2022-08-22,30
2022-08-23,30
2022-08-25,70
2022-08-30,60
2022-08-31,60
2022-09-02,78
2022-09-03,75
2022-09-05,85
2022-09-06,75
2022-09-07,59
2022-09-09,67
2022-09-10,70
2022-09-12,70
2022-09-16,75
2022-09-17,65
2022-09-18,65
2022-09-19,60
2022-09-20,80
2022-09-21,35
2022-09-22,66
2022-09-23,75
2022-09-24,77
2022-09-28,85
2022-09-29,40
2022-10-02,75
2022-10-04,25
2022-10-06,84
2022-10-07,75
2022-10-10,63
2022-10-11,90
2022-10-12,70
2022-10-13,85
2022-10-14,75
2022-10-15,60
2022-10-16,70
2022-10-17,53
2022-10-19,68
2022-10-22,90
2022-10-23,60
2022-10-24,88
2022-10-25,65
2022-10-26,70
2022-10-27,83
2022-10-28,65
2022-10-29,70
2022-10-30,71
2022-10-31,70
2022-11-01,40
2022-11-02,20
2022-11-03,30
2022-11-04,90
2022-11-07,25
2022-11-10,30
2022-11-12,40
2022-11-14,70
2022-11-15,70
2022-11-16,85
2022-11-17,80
2022-11-18,75
2022-11-19,38
2022-11-21,60
2022-11-22,5
2022-11-23,85
2022-11-24,30
2022-11-25,15
2022-11-26,64
2022-11-27,30
2022-11-29,60
2022-11-30,65
2022-12-08,70
2022-12-09,10
2022-12-12,75
2022-12-14,60
2022-12-18,62
2022-12-22,67
2022-12-23,35
2022-12-25,90
2022-12-28,80
2022-12-29,85
2022-12-30,53
2023-01-05,45
2023-01-06,38
2023-01-11,75
2023-01-12,65
2023-01-14,60
2023-01-17,58
2023-01-18,80
2023-01-19,25
2023-01-20,75
2023-01-21,75
2023-01-22,25
2023-01-23,70
2023-01-24,74
2023-01-25,48
2023-01-26,62
2023-01-27,70
2023-01-28,40
2023-01-30,85
2023-02-01,93
2023-02-02,73
2023-02-03,70
2023-02-04,70
2023-02-06,75
2023-02-07,62
2023-02-08,72
2023-02-09,76
2023-02-10,72
2023-02-11,90
2023-02-13,75
2023-02-15,77
2023-02-16,76
2023-02-17,10
2023-02-19,60
2023-02-20,55
2023-02-21,85
2023-02-22,70
2023-02-25,55
2023-02-27,20
2023-02-28,90
2023-03-01,55
2023-03-02,52
2023-03-03,55
2023-03-07,35
2023-03-11,85
2023-03-13,70
2023-03-14,60
2023-03-15,80
2023-03-16,52
2023-03-17,50
2023-03-20,60
2023-03-21,67
2023-03-22,76
2023-03-23,62
2023-03-24,88
2023-03-27,85
2023-03-29,65
2023-03-31,74
2023-04-02,60
2023-04-05,70
2023-04-06,85
2023-04-07,75
2023-04-08,85
2023-04-09,60
2023-04-11,80
2023-04-12,30
2023-04-14,60
2023-04-15,85
2023-04-16,20
2023-04-17,90
2023-04-18,55
2023-04-19,75
2023-04-20,30
2023-04-21,75
2023-04-22,75
2023-04-23,60
2023-04-24,50
2023-04-26,85
2023-04-27,70
2023-04-28,87
2023-04-29,60
2023-05-01,70
2023-05-02,78
2023-05-05,80
2023-05-08,72
2023-05-09,75
2023-05-11,90
2023-05-12,86
2023-05-13,60
2023-05-14,70
2023-05-15,85
2023-05-16,57
2023-05-17,72
2023-05-18,72
2023-05-19,72
2023-05-21,65
2023-05-22,86
2023-05-23,37
2023-05-24,72
2023-05-25,87
2023-05-26,70
2023-05-28,55
2023-05-30,70
2023-05-31,45
2023-06-01,70
2023-06-02,68
2023-06-03,65
2023-06-04,75
2023-06-05,75
2023-06-06,78
2023-06-07,75
2023-06-08,65
2023-06-09,60
2023-06-10,60
2023-06-11,80
2023-06-12,60
2023-06-13,84
2023-06-14,72
2023-06-15,80
2023-06-16,80
2023-06-17,75
2023-06-19,75
2023-06-21,52
2023-06-23,70
2023-06-24,65
2023-06-25,32
2023-06-27,70
2023-06-29,55
2023-06-30,50
2023-07-01,5
2023-07-04,80
2023-07-05,68
2023-07-06,20
2023-07-09,75
2023-07-10,30
2023-07-11,90
2023-07-12,84
2023-07-13,25
2023-07-14,75
2023-07-15,70
2023-07-18,72
2023-07-19,74
2023-07-20,75
2023-07-21,65
2023-07-22,60
2023-07-23,75
2023-07-24,75
2023-07-25,75
2023-07-26,65
2023-07-27,82
2023-07-29,75
2023-07-30,20
2023-07-31,40
2023-08-01,40
2023-08-02,70
2023-08-03,60
2023-08-04,70
2023-08-05,75
2023-08-08,75
2023-08-10,95
2023-08-11,90
2023-08-13,95
2023-08-15,85
2023-08-18,60
2023-08-20,70
2023-08-21,55
2023-08-24,65
2023-08-25,80
2023-08-27,65
2023-08-31,50
2023-09-01,80
2023-09-03,35
2023-09-04,85
2023-09-05,75
2023-09-06,70
2023-09-07,62
2023-09-09,45
2023-09-13,90
2023-09-14,70
2023-09-15,85
2023-09-17,60
2023-09-19,50
2023-09-21,75
2023-09-24,60
2023-09-26,71
2023-09-27,65
2023-09-28,25
2023-09-29,53
2023-10-04,60
2023-10-06,85
2023-10-07,20
2023-10-08,50
2023-10-10,80
2023-10-11,60
2023-10-12,50
2023-10-13,75
2023-10-14,60
2023-10-16,75
2023-10-17,60
2023-10-18,70
2023-10-19,60
2023-10-20,80
2023-10-21,70
2023-10-22,20
2023-10-23,80
2023-10-24,65
2023-10-25,70
2023-10-26,70
2023-10-27,80
2023-10-28,35
2023-10-30,60
2023-10-31,75
2023-11-01,85
2023-11-02,70
2023-11-03,4
2023-11-06,71
2023-11-08,75
2023-11-09,35
2023-11-10,55
2023-11-12,40
2023-11-15,60
2023-11-16,20
2023-11-17,35
2023-11-18,30
2023-11-19,40
2023-11-20,72
2023-11-21,67
2023-11-22,85
2023-11-23,70
2023-11-24,15
2023-11-25,75
2023-11-26,20
2023-11-27,85
2023-11-28,70
2023-11-29,85
2023-11-30,70
2023-12-01,75
2023-12-02,85
2023-12-04,85
2023-12-05,42
2023-12-06,80
2023-12-07,70
2023-12-08,75
2023-12-09,72
2023-12-11,91
2023-12-12,65
2023-12-13,88
2023-12-14,25
2023-12-16,80
2023-12-19,70
2023-12-20,71
2023-12-21,10
2023-12-23,70
2023-12-24,20
2023-12-25,60
2023-12-26,85
2023-12-28,10
2023-12-29,85
